[{"title": "Grand Theft Auto 5 - GTA V", "store": "Epic"}, {"title": "Call of Duty Modern Warfare 'Warzone'", "store": "Battle.net"}, {"title": "Grand Theft Auto 5 - GTA V", "store": "Steam"}, {"title": "FIFA 23", "store": "Steam"}, {"title": "Grand Theft Auto 5 - GTA V", "store": "Rockstar"}, {"title": "FIFA 22", "store": "Steam"}, {"title": "ELDEN RING", "store": "Steam"}, {"title": "Red Dead Redemption 2", "store": "Steam"}, {"title": "FIFA 22", "store": "Origin"}, {"title": "Diablo II Resurrected", "store": "Battle.net"}, {"title": "Red Dead Redemption 2", "store": "Epic"}, {"title": "ARK Survival Evolved", "store": "Steam"}, {"title": "Need for Speed Heat", "store": "Steam"}, {"title": "Overwatch", "store": "Battle.net"}, {"title": "World of Warcraft", "store": "Battle.net"}, {"title": "Red Dead Redemption 2", "store": "Rockstar"}, {"title": "Apex Legends", "store": "Steam"}, {"title": "Sid Meier\u2019s Civilization VI", "store": "Steam"}, {"title": "Borderlands 3", "store": "Epic"}, {"title": "Tekken 7", "store": "Steam"}, {"title": "Hearthstone", "store": "Battle.net"}, {"title": "NBA2K21", "store": "Epic"}, {"title": "Need for Speed Payback", "store": "Steam"}, {"title": "NBA 2K23", "store": "Steam"}, {"title": "STAR WARS Battlefront II", "store": "Epic"}, {"title": "DARK SOULS III", "store": "Steam"}, {"title": "Grand Theft Auto IV The Complete Edition", "store": "Steam"}, {"title": "Star Wars The Old Republic", "store": "Steam"}, {"title": "Apex Legends", "store": "Origin"}, {"title": "MONSTER HUNTER WORLD", "store": "Steam"}, {"title": "Mafia Definitive Edition", "store": "Steam"}, {"title": "Sekiro Shadows Die Twice", "store": "Steam"}, {"title": "Devil May Cry 5", "store": "Steam"}, {"title": "Battlefield V", "store": "Steam"}, {"title": "DRAGON BALL Z KAKAROT", "store": "Steam"}, {"title": "Red Dead Online", "store": "Steam"}, {"title": "StarCraft II", "store": "Battle.net"}, {"title": "WWE 2K22", "store": "Steam"}, {"title": "DRAGON BALL FighterZ", "store": "Steam"}, {"title": "Resident Evil 2 / Biohazard 2", "store": "Steam"}, {"title": "BioShock Infinite", "store": "Steam"}, {"title": "XCOM 2", "store": "Epic"}, {"title": "FIFA 20", "store": "Origin"}, {"title": "MONSTER HUNTER RISE", "store": "Steam"}, {"title": "Need For Speed Heat", "store": "Origin"}, {"title": "Assassin's Creed Odyssey", "store": "Steam"}, {"title": "Battlefield 4", "store": "Steam"}, {"title": "Call of Duty Vanguard", "store": "Battle.net"}, {"title": "Diablo III", "store": "Battle.net"}, {"title": "Brawlhalla", "store": "Steam"}, {"title": "Borderlands 2", "store": "Steam"}, {"title": "Tales of Arise", "store": "Steam"}, {"title": "Mafia II Definitive Edition", "store": "Steam"}, {"title": "Call of Duty Black Ops 4", "store": "Battle.net"}, {"title": "Sid Meier\u2019s Civilization VI", "store": "Epic"}, {"title": "Battlefield 1", "store": "Origin"}, {"title": "Little Nightmares 2", "store": "Steam"}, {"title": "The Dark Pictures Anthology Man of Medan", "store": "Steam"}, {"title": "NBA 2K20", "store": "Steam"}, {"title": "Resident Evil Village", "store": "Steam"}, {"title": "RESIDENT EVIL 3", "store": "Steam"}, {"title": "ACE COMBAT 7 SKIES UNKNOWN", "store": "Steam"}, {"title": "FIFA 19", "store": "Origin"}, {"title": "UNO Demo", "store": "Steam"}, {"title": "DARK SOULS REMASTERED", "store": "Steam"}, {"title": "Street Fighter  V", "store": "Steam"}, {"title": "Dragon's Dogma Dark Arisen", "store": "Steam"}, {"title": "BioShock Infinite The Complete Edition", "store": "Epic"}, {"title": "Star Wars Jedi Fallen Order", "store": "Steam"}, {"title": "Code Vein", "store": "Steam"}, {"title": "Battlefield V", "store": "Origin"}, {"title": "The Dark Pictures Anthology Little Hope", "store": "Steam"}, {"title": "Battlefield 1", "store": "Steam"}, {"title": "Grand Theft Auto IV The Complete Edition", "store": "Rockstar"}, {"title": "Resident Evil 7 Biohazard", "store": "Steam"}, {"title": "The Quarry", "store": "Steam"}, {"title": "Dragon Age Origins - Ultimate Edition", "store": "Steam"}, {"title": "Mass Effect Legendary Edition", "store": "Steam"}, {"title": "DiRT Rally 2.0", "store": "Steam"}, {"title": "Little Nightmares", "store": "Steam"}, {"title": "Tom Clancy's The Division", "store": "Steam"}, {"title": "Command & Conquer Remastered Collection", "store": "Steam"}, {"title": "STAR WARS Battlefront II", "store": "Steam"}, {"title": "Bioshock Remastered", "store": "Epic"}, {"title": "Bioshock 2 Remastered", "store": "Epic"}, {"title": "Heroes of the Storm", "store": "Battle.net"}, {"title": "Grand Theft Auto The Trilogy - The Definitive Edition", "store": "Rockstar"}, {"title": "It Takes Two", "store": "Steam"}, {"title": "Battlefield 4", "store": "Origin"}, {"title": "DiRT Rally", "store": "Steam"}, {"title": "Starcraft Remastered", "store": "Battle.net"}, {"title": "Assassin's Creed Brotherhood", "store": "Steam"}, {"title": "The Dark Pictures Anthology House of Ashes", "store": "Steam"}, {"title": "DARK SOULS II Scholar of the First Sin", "store": "Steam"}, {"title": "Steep", "store": "Steam"}, {"title": "DiRT 4", "store": "Steam"}, {"title": "Far Cry New Dawn", "store": "Steam"}, {"title": "Orcs Must Die! 3", "store": "Steam"}, {"title": "Call of Duty Black Ops Cold War", "store": "Battle.net"}, {"title": "Unravel", "store": "Steam"}, {"title": "Crash Bandicoot 4", "store": "Battle.net"}]