[{"title": "Fortnite", "store": "Epic"}, {"title": "Genshin Impact", "store": "N/A"}, {"title": "League of Legends", "store": "Riot Games"}, {"title": "Counter-Strike Global Offensive", "store": "Steam"}, {"title": "eFootball 2023", "store": "Steam"}, {"title": "Fall Guys", "store": "Epic"}, {"title": "Dota 2", "store": "Steam"}, {"title": "Cyberpunk 2077", "store": "Steam"}, {"title": "Rocket League", "store": "Epic"}, {"title": "Marvel's Spider-Man", "store": "Steam"}, {"title": "MultiVersus", "store": "Steam"}, {"title": "Euro Truck Simulator 2", "store": "Steam"}, {"title": "The Witcher 3 Wild Hunt", "store": "Steam"}, {"title": "Rust", "store": "Steam"}, {"title": "War Thunder", "store": "Gaijin"}, {"title": "Stumble Guys", "store": "Steam"}, {"title": "World of Tanks", "store": "Wargaming.net"}, {"title": "Phasmophobia", "store": "Steam"}, {"title": "Hearts of Iron IV", "store": "Steam"}, {"title": "God of War", "store": "Steam"}, {"title": "Destiny 2", "store": "Steam"}, {"title": "Stray", "store": "Steam"}, {"title": "Days Gone", "store": "Steam"}, {"title": "Mount & Blade II Bannerlord", "store": "Steam"}, {"title": "Horizon Zero Dawn", "store": "Steam"}, {"title": "Football Manager 2022", "store": "Steam"}, {"title": "Mortal Kombat 11", "store": "Steam"}, {"title": "Dead by Daylight", "store": "Steam"}, {"title": "Total War WARHAMMER III", "store": "Steam"}, {"title": "World of Warships", "store": "Wargaming.net"}, {"title": "Cyberpunk 2077", "store": "Epic"}, {"title": "Shadow of the Tomb Raider", "store": "Epic"}, {"title": "Batman Arkham Knight", "store": "Steam"}, {"title": "Conan Exiles", "store": "Steam"}, {"title": "Nioh 2", "store": "Steam"}, {"title": "Poppy Playtime", "store": "Steam"}, {"title": "Total War WARHAMMER II", "store": "Steam"}, {"title": "Rumbleverse", "store": "Epic"}, {"title": "Crusader Kings III", "store": "Steam"}, {"title": "DCS World Steam Edition", "store": "Steam"}, {"title": "Enlisted", "store": "Gaijin"}, {"title": "Satisfactory", "store": "Steam"}, {"title": "FIFA 21", "store": "Steam"}, {"title": "Metal Gear Solid V The Phantom Pain", "store": "Steam"}, {"title": "Fall Guys", "store": "Steam"}, {"title": "FIFA 21", "store": "Origin"}, {"title": "Path of Exile", "store": "Steam"}, {"title": "Unturned", "store": "Steam"}, {"title": "Team Fortress 2", "store": "Steam"}, {"title": "Farming Simulator 22", "store": "Steam"}, {"title": "World of Warplanes", "store": "Wargaming.net"}, {"title": "ArmA 3", "store": "Steam"}, {"title": "Total War Saga TROY", "store": "Epic"}, {"title": "Project Zomboid", "store": "Steam"}, {"title": "Marvel's Spider-Man", "store": "Epic"}, {"title": "Omega Strikers", "store": "Steam"}, {"title": "Farming Simulator 19", "store": "Steam"}, {"title": "F1 22", "store": "Steam"}, {"title": "Company of Heroes 2", "store": "Steam"}, {"title": "Assetto Corsa", "store": "Steam"}, {"title": "American Truck Simulator Demo", "store": "Steam"}, {"title": "Shadow of the Tomb Raider Trial", "store": "Steam"}, {"title": "FINAL FANTASY VII REMAKE INTERGRADE", "store": "Steam"}, {"title": "DEATH STRANDING DIRECTOR'S CUT", "store": "Steam"}, {"title": "Mortal Kombat X", "store": "Steam"}, {"title": "Control", "store": "Epic"}, {"title": "The Forest", "store": "Steam"}, {"title": "PAYDAY 2", "store": "Steam"}, {"title": "Risk of Rain 2", "store": "Steam"}, {"title": "HITMAN 2", "store": "Steam"}, {"title": "HITMAN 3", "store": "Steam"}, {"title": "Yu-Gi-Oh! Master Duel", "store": "Steam"}, {"title": "Among Us", "store": "Epic"}, {"title": "Dying Light", "store": "Steam"}, {"title": "Valheim", "store": "Steam"}, {"title": "SnowRunner", "store": "Epic"}, {"title": "Rogue Company", "store": "Epic"}, {"title": "Dying Light 2 Stay Human", "store": "Steam"}, {"title": "V Rising", "store": "Steam"}, {"title": "Cuphead", "store": "Steam"}, {"title": "The Walking Dead The Telltale Definitive Series", "store": "Steam"}, {"title": "Fishing Planet", "store": "Steam"}, {"title": "Don't Starve Together", "store": "Steam"}, {"title": "Cities Skylines", "store": "Steam"}, {"title": "Kena Bridge of Spirits", "store": "Epic"}, {"title": "Farming Simulator 19", "store": "Epic"}, {"title": "World of Tanks", "store": "Wargaming.net"}, {"title": "theHunter", "store": "Steam"}, {"title": "Pathfinder Wrath of the Righteous", "store": "Steam"}, {"title": "Sifu", "store": "Epic"}, {"title": "My Summer Car", "store": "Steam"}, {"title": "SnowRunner", "store": "Steam"}, {"title": "METAL GEAR RISING REVENGEANCE", "store": "Steam"}, {"title": "PC Building Simulator", "store": "Epic"}, {"title": "A Way Out", "store": "Steam"}, {"title": "Elite Dangerous", "store": "Steam"}, {"title": "Crab Game", "store": "Steam"}, {"title": "Terraria", "store": "Steam"}, {"title": "Crossout", "store": "Gaijin"}, {"title": "Vampire The Masquerade - Bloodhunt", "store": "Steam"}, {"title": "Baldur's Gate 3", "store": "Steam"}, {"title": "Crossout", "store": "Gaijin"}, {"title": "Squad", "store": "Steam"}, {"title": "SMITE", "store": "Steam"}, {"title": "Noita", "store": "Steam"}, {"title": "Generation Zero", "store": "Steam"}, {"title": "Guild Wars 2", "store": "Steam"}, {"title": "Ready or Not", "store": "Steam"}, {"title": "EVE Online", "store": "Steam"}, {"title": "The Binding of Isaac Rebirth", "store": "Steam"}, {"title": "Rise of the Tomb Raider", "store": "Epic"}, {"title": "theHunter Call of the Wild", "store": "Epic"}, {"title": "Batman Arkham Knight", "store": "Epic"}, {"title": "Dead Island Definitive Edition", "store": "Steam"}, {"title": "Nioh The Complete Edition", "store": "Epic"}, {"title": "Kingdom Come Deliverance", "store": "Steam"}, {"title": "Hades", "store": "Steam"}, {"title": "Batman Arkham City - Game of the Year Edition", "store": "Steam"}, {"title": "Gang Beasts", "store": "Steam"}, {"title": "Back 4 Blood", "store": "Steam"}, {"title": "Divinity Original Sin 2 - Definitive Edition", "store": "Steam"}, {"title": "BPM BULLETS PER MINUTE", "store": "Steam"}, {"title": "Among Us", "store": "Steam"}, {"title": "HITMAN", "store": "Epic"}, {"title": "Metro Exodus", "store": "Steam"}, {"title": "Rise of the Tomb Raider", "store": "Steam"}, {"title": "Jurassic World Evolution", "store": "Epic"}, {"title": "Alien Isolation", "store": "Epic"}, {"title": "CRSED F.O.A.D", "store": "Gaijin"}, {"title": "Cliff Empire", "store": "Steam"}, {"title": "Portal 2", "store": "Steam"}, {"title": "Yakuza Like a Dragon", "store": "Steam"}, {"title": "The Cycle Frontier", "store": "Steam"}, {"title": "Marvels Avengers", "store": "Steam"}, {"title": "HITMAN 3", "store": "Epic"}, {"title": "Left 4 Dead 2", "store": "Steam"}, {"title": "Mortal Kombat Komplete Edition", "store": "Steam"}, {"title": "Cossacks 3", "store": "Steam"}, {"title": "The Long Dark", "store": "Steam"}, {"title": "S.T.A.L.K.E.R. Shadow of Chernobyl", "store": "Steam"}, {"title": "The Witcher 2 Assassins of Kings Enhanced Edition", "store": "Steam"}, {"title": "Chivalry 2", "store": "Steam"}, {"title": "Splitgate", "store": "Steam"}, {"title": "Disco Elysium - The Final Cut", "store": "Epic"}, {"title": "S.T.A.L.K.E.R. Clear Sky", "store": "Steam"}, {"title": "Factorio", "store": "Steam"}, {"title": "Isonzo", "store": "Steam"}, {"title": "Metal Hellsinger", "store": "Steam"}, {"title": "Frostpunk", "store": "Epic"}, {"title": "Europa Universalis IV", "store": "Steam"}, {"title": "Cult of the Lamb", "store": "Steam"}, {"title": "Air Missions HIND", "store": "Steam"}, {"title": "Shadow of the Tomb Raider", "store": "Steam"}, {"title": "Outlast 2", "store": "Steam"}, {"title": "Days Gone", "store": "Epic"}, {"title": "Kenshi", "store": "Steam"}, {"title": "Black Squad", "store": "Steam"}, {"title": "Iron Harvest", "store": "Epic"}, {"title": "Black Mesa", "store": "Steam"}, {"title": "Chivalry 2", "store": "Epic"}, {"title": "Hob", "store": "Steam"}, {"title": "Bayonetta", "store": "Steam"}, {"title": "Predator Hunting Grounds", "store": "Steam"}, {"title": "Deus Ex Mankind Divided", "store": "Steam"}, {"title": "Eternal Return", "store": "Steam"}, {"title": "Pathfinder Kingmaker - Enhanced Edition", "store": "Steam"}, {"title": "Nier Replicant", "store": "Steam"}, {"title": "Subnautica Below Zero", "store": "Steam"}, {"title": "Metro Last Light", "store": "Steam"}, {"title": "Outriders demo", "store": "Steam"}, {"title": "Killing Floor 2", "store": "Epic"}, {"title": "World War Z", "store": "Epic"}, {"title": "Slime Rancher", "store": "Steam"}, {"title": "Wreckfest", "store": "Steam"}, {"title": "Tomb Raider GOTY", "store": "Epic"}, {"title": "theHunter Call of the Wild", "store": "Steam"}, {"title": "Dauntless", "store": "Epic"}, {"title": "Batman Arkham Origins", "store": "Steam"}, {"title": "Dread Hunger", "store": "Steam"}, {"title": "PLAYCRAFT", "store": "Steam"}, {"title": "Jurassic World Evolution 2", "store": "Steam"}, {"title": "Daymare 1998 Demo", "store": "Steam"}, {"title": "Braid", "store": "Steam"}, {"title": "Europa Universalis IV", "store": "Epic"}, {"title": "Metro 2033 Redux", "store": "Steam"}, {"title": "Sniper Elite 5", "store": "Steam"}, {"title": "Elteria Adventures", "store": "Steam"}, {"title": "PlanetSide 2", "store": "Steam"}, {"title": "NARAKA BLADEPOINT", "store": "Steam"}, {"title": "Darwin Project", "store": "Steam"}, {"title": "Chernobylite", "store": "Steam"}, {"title": "Crusader Kings II", "store": "Steam"}, {"title": "Ary and the secret of seasons", "store": "Steam"}, {"title": "King Arthur Knight's Tale", "store": "Steam"}, {"title": "Titan Quest Anniversary Edition", "store": "Steam"}, {"title": "Raft", "store": "Steam"}, {"title": "Broforce", "store": "Steam"}, {"title": "GUILTY GEAR STRIVE", "store": "Steam"}, {"title": "Planescape Torment Enhanced Edition", "store": "Steam"}, {"title": "RuneScape", "store": "Steam"}, {"title": "Tannenberg", "store": "Epic"}, {"title": "Football Manager 2021 Demo", "store": "Epic"}, {"title": "Football Manager 2021", "store": "Steam"}, {"title": "Age of Wonders Planetfall", "store": "Steam"}, {"title": "Insurgency Sandstorm", "store": "Steam"}, {"title": "House Flipper", "store": "Steam"}, {"title": "Titan Quest Anniversary Edition", "store": "Steam"}, {"title": "Spirit of Europe - Origins", "store": "Steam"}, {"title": "The Ascent", "store": "Steam"}, {"title": "Half-Life 2", "store": "Steam"}, {"title": "Syberia The World Before", "store": "Steam"}, {"title": "ELEX II", "store": "Steam"}, {"title": "American Truck Simulator", "store": "Steam"}, {"title": "Broforce", "store": "Steam"}, {"title": "Maneater", "store": "Epic"}, {"title": "Star Conflict", "store": "Gaijin"}, {"title": "Chivalry Medieval Warfare", "store": "Steam"}, {"title": "Bear With Me The Lost Robots", "store": "Steam"}, {"title": "Workers & Resources Soviet Republic", "store": "Steam"}, {"title": "S.T.A.L.K.E.R. Call of Pripyat", "store": "Steam"}, {"title": "Contra Anniversary Collection", "store": "Steam"}, {"title": "Brothers - A Tale of Two Sons", "store": "Steam"}, {"title": "Skully", "store": "Steam"}, {"title": "Planescape Torment Enhanced Edition", "store": "Steam"}, {"title": "Torchlight 2", "store": "Epic"}, {"title": "Starship Troopers Terran Command", "store": "Steam"}, {"title": "King's Bounty II", "store": "Steam"}, {"title": "Saints Row The Third Remastered", "store": "Epic"}, {"title": "Barotrauma", "store": "Steam"}, {"title": "Bigfoot", "store": "Steam"}, {"title": "Raft", "store": "Steam"}, {"title": "ULTRAKILL", "store": "Steam"}, {"title": "GUILTY GEAR STRIVE", "store": "Steam"}, {"title": "Game Tycoon 2", "store": "Steam"}, {"title": "Dune Spice Wars", "store": "Steam"}, {"title": "RuneScape", "store": "Steam"}, {"title": "Core", "store": "Epic"}, {"title": "Gold Rush - Classic", "store": "Steam"}, {"title": "A Plague Tale Innocence", "store": "Steam"}, {"title": "Football Manager 2020", "store": "Epic"}, {"title": "Stranded Deep", "store": "Epic"}, {"title": "Factorio Demo", "store": "Steam"}, {"title": "Visage", "store": "Steam"}, {"title": "Dying Light 2 Stay Human", "store": "Epic"}, {"title": "Stellaris", "store": "Steam"}, {"title": "Prodeus", "store": "Steam"}, {"title": "Amid Evil", "store": "Steam"}, {"title": "Life is Strange Remastered", "store": "Steam"}, {"title": "God of War", "store": "Epic"}, {"title": "Alien Swarm Reactive Drop", "store": "Steam"}, {"title": "Super Impossible Road", "store": "Steam"}, {"title": "Hand of Fate", "store": "Steam"}, {"title": "Five Nights at Freddy's Security Breach", "store": "Steam"}, {"title": "Darksiders II Deathinitive Edition", "store": "Steam"}, {"title": "X4 Foundations", "store": "Steam"}, {"title": "Batman Arkham Asylum Game of the Year Edition", "store": "Steam"}, {"title": "Deus Ex Human Revolution - Director's Cut", "store": "Steam"}, {"title": "Divinity Original Sin - Enhanced Edition", "store": "Steam"}, {"title": "FINAL FANTASY X/X-2 HD Remaster", "store": "Steam"}, {"title": "Trine Enchanted Edition", "store": "Steam"}, {"title": "Trine 2 Complete Story", "store": "Steam"}, {"title": "Trine 3 The Artifacts of Power", "store": "Steam"}, {"title": "The Witcher Enhanced Edition Director's Cut", "store": "Steam"}, {"title": "Dota Underlords", "store": "Steam"}, {"title": "NieRAutomata", "store": "Steam"}, {"title": "MORDHAU", "store": "Steam"}, {"title": "Metro Exodus", "store": "Epic"}, {"title": "Darksiders III", "store": "Steam"}, {"title": "Trine 4 The Nightmare Prince", "store": "Steam"}, {"title": "Blasphemous", "store": "Steam"}, {"title": "Football Manager 2019 Touch Demo", "store": "Steam"}, {"title": "Star Trek Online", "store": "Steam"}, {"title": "Robocraft", "store": "Steam"}, {"title": "Prominence Poker", "store": "Steam"}, {"title": "Mutant Year Zero Road to Eden Demo", "store": "Steam"}, {"title": "Football Manager 2020 Demo", "store": "Steam"}, {"title": "Journey of Greed Demo", "store": "Steam"}, {"title": "Heave Ho Demo", "store": "Steam"}, {"title": "Mythgard", "store": "Steam"}, {"title": "Wolcen", "store": "Steam"}, {"title": "Just Cause 4", "store": "Epic"}, {"title": "Streets of Rage 4", "store": "Steam"}, {"title": "Desperados III", "store": "Steam"}, {"title": "Carrion", "store": "Steam"}, {"title": "Wasteland 3", "store": "Steam"}, {"title": "Serious Sam 4", "store": "Steam"}, {"title": "Spelunky 2", "store": "Steam"}, {"title": "The Room Two", "store": "Steam"}, {"title": "Shank 2", "store": "Steam"}, {"title": "Grim Fandango Remastered", "store": "Steam"}, {"title": "Legend of Grimrock 2", "store": "Steam"}, {"title": "Sonic Mania", "store": "Steam"}, {"title": "Outlast", "store": "Steam"}, {"title": "The Vanishing of Ethan Carter Redux", "store": "Steam"}, {"title": "Transistor", "store": "Steam"}, {"title": "Shank", "store": "Steam"}, {"title": "The Room", "store": "Steam"}, {"title": "Another World \u2013 20th Anniversary Edition", "store": "Steam"}, {"title": "Inside", "store": "Steam"}, {"title": "Legend of Grimrock", "store": "Steam"}, {"title": "Bloodstained Ritual of the Night", "store": "Steam"}, {"title": "Dark Devotion", "store": "Steam"}, {"title": "Hollow Knight", "store": "Steam"}, {"title": "Grim Dawn", "store": "Steam"}, {"title": "Salt and Sanctuary", "store": "Steam"}, {"title": "Dead Cells", "store": "Steam"}, {"title": "Momodora Reverie Under the Moonlight", "store": "Steam"}, {"title": "Amnesia The Dark Descent", "store": "Steam"}, {"title": "METAL SLUG 2", "store": "Steam"}, {"title": "Metal Slug 3", "store": "Steam"}, {"title": "METAL SLUG X", "store": "Steam"}, {"title": "Vigil The Longest Night", "store": "Steam"}, {"title": "Basingstoke", "store": "Steam"}, {"title": "Beholder", "store": "Steam"}, {"title": "Beholder 2", "store": "Steam"}, {"title": "Frostpunk", "store": "Steam"}, {"title": "Machinarium", "store": "Steam"}, {"title": "Osmos", "store": "Steam"}, {"title": "Rayman Origins", "store": "Steam"}, {"title": "This War of Mine", "store": "Steam"}, {"title": "Spintires MudRunner", "store": "Epic"}, {"title": "Elite Dangerous", "store": "Epic"}, {"title": "Empire of Sin", "store": "Steam"}, {"title": "Othercide", "store": "Steam"}, {"title": "Phoenix Point", "store": "Steam"}, {"title": "Alien Swarm", "store": "Steam"}, {"title": "Super Meat Boy Forever", "store": "Epic"}, {"title": "Skul The Hero Slayer", "store": "Steam"}, {"title": "The Medium", "store": "Steam"}, {"title": "ENDER LILIES Quietus of the Knights", "store": "Steam"}, {"title": "Surviving Mars", "store": "Epic"}, {"title": "OUTRIDERS", "store": "Steam"}, {"title": "Dojoran", "store": "Steam"}, {"title": "Biomutant", "store": "Steam"}, {"title": "The Hunting God", "store": "Steam"}, {"title": "Sonic Mania", "store": "Epic"}, {"title": "Verdun", "store": "Epic"}, {"title": "Disco Elysium - The Final Cut", "store": "Steam"}, {"title": "Magic The Gathering", "store": "Epic"}, {"title": "A Plague Tale Innocence", "store": "Epic"}, {"title": "Humankind", "store": "Steam"}, {"title": "Extinction", "store": "Steam"}, {"title": "Lost Words Beyond the Page", "store": "Steam"}, {"title": "Override 2 Super Mech League", "store": "Steam"}, {"title": "Remothered Broken Porcelain", "store": "Steam"}, {"title": "Rock of Ages 3 Make & Break", "store": "Steam"}, {"title": "Warshmallows", "store": "Steam"}, {"title": "Sunblaze", "store": "Steam"}, {"title": "Aliens Fireteam Elite", "store": "Steam"}, {"title": "Void Bastards", "store": "Epic"}, {"title": "Drizzlepath", "store": "Steam"}, {"title": "Drizzlepath Genie", "store": "Steam"}, {"title": "Guardian of Lore", "store": "Steam"}, {"title": "Gangsters 1920", "store": "Steam"}, {"title": "Gold Rush! 2", "store": "Steam"}, {"title": "Gold Rush Anniversary", "store": "Steam"}, {"title": "Two Hundred Ways", "store": "Steam"}, {"title": "Life Is Strange True Colors", "store": "Steam"}, {"title": "Drizzlepath Glass", "store": "Steam"}, {"title": "Finding the Soul Orb", "store": "Steam"}, {"title": "Bottle Pilgrim Redux", "store": "Steam"}, {"title": "Drizzlepath Deja Vu", "store": "Steam"}, {"title": "Loverowind", "store": "Steam"}, {"title": "Chionophile", "store": "Steam"}, {"title": "Lucid Cycle", "store": "Steam"}, {"title": "Nephise Begins", "store": "Steam"}, {"title": "Cions of Vega", "store": "Steam"}, {"title": "The Dead Tree of Ranchiuna", "store": "Steam"}, {"title": "Pluviophile", "store": "Steam"}, {"title": "Nephise Ascension", "store": "Steam"}, {"title": "Little Brother Jim", "store": "Steam"}, {"title": "Education", "store": "Steam"}, {"title": "Last Soul - Prologue", "store": "Steam"}, {"title": "Nephise", "store": "Steam"}, {"title": "Riftbreaker", "store": "Steam"}, {"title": "Inscryption", "store": "Steam"}, {"title": "Among the Sleep \u2014 Enhanced Edition", "store": "Epic"}, {"title": "Deep Rock Galactic", "store": "Steam"}, {"title": "Aven Colony", "store": "Epic"}, {"title": "Surviving the Aftermath", "store": "Steam"}, {"title": "Dead by Daylight", "store": "Epic"}, {"title": "Gods Will Fall", "store": "Epic"}, {"title": "Pupperazzi", "store": "Steam"}, {"title": "Hotline Miami", "store": "Steam"}, {"title": "Hotline Miami 2 Wrong Number", "store": "Steam"}, {"title": "Life is Strange Before the Storm Remastered", "store": "Steam"}, {"title": "Yooka-Laylee and the Impossible Lair", "store": "Epic"}, {"title": "Vampire The Masquerade - Swansong", "store": "Epic"}, {"title": "Shadow Tactics", "store": "Steam"}, {"title": "Road 96", "store": "Steam"}, {"title": "GreedFall", "store": "Steam"}, {"title": "Galactic Civilizations III", "store": "Epic"}, {"title": "Bright Memory Infinite", "store": "Steam"}, {"title": "Vampire Survivors", "store": "Steam"}, {"title": "Teenage Mutant Ninja Turtles Shredder's Revenge", "store": "Steam"}, {"title": "SAMURAI SHODOWN NEOGEO COLLECTION", "store": "Epic"}, {"title": "Solasta Crown of the Magister", "store": "Steam"}, {"title": "Yakuza Kiwami 2", "store": "Steam"}, {"title": "Castle Crashers", "store": "Steam"}, {"title": "Ghostrunner", "store": "Steam"}, {"title": "Neon White", "store": "Steam"}, {"title": "SAMURAI SHODOWN", "store": "Epic"}, {"title": "ATOM RPG Post-apocalyptic indie game", "store": "Steam"}, {"title": "ATOM RPG Trudograd", "store": "Steam"}, {"title": "Stardew Valley", "store": "Steam"}, {"title": "Redout 2", "store": "Steam"}, {"title": "Firewatch", "store": "Steam"}, {"title": "ELEX", "store": "Steam"}, {"title": "Slipways", "store": "Steam"}, {"title": "Outward Definitive Edition", "store": "Steam"}, {"title": "Hell Let Loose", "store": "Steam"}, {"title": "Amnesia Rebirth", "store": "Epic"}, {"title": "Weird West", "store": "Steam"}, {"title": "BattleBlock Theater", "store": "Steam"}, {"title": "RimWorld", "store": "Steam"}, {"title": "Darkwood", "store": "Steam"}, {"title": "Sleeping Dogs Definitive Edition", "store": "Steam"}, {"title": "Gunfire Reborn", "store": "Steam"}, {"title": "The Sinking City", "store": "Steam"}, {"title": "Harlow", "store": "Steam"}, {"title": "Super Mega Zero", "store": "Steam"}, {"title": "Hedon Bloodrite", "store": "Steam"}, {"title": "Turbo Overkill", "store": "Steam"}, {"title": "Project Warlock", "store": "Steam"}, {"title": "Dusk", "store": "Steam"}, {"title": "Project Warlock 2", "store": "Steam"}, {"title": "Ion Fury", "store": "Steam"}, {"title": "GTFO", "store": "Steam"}]