[


    [
        "+",
        {
            "title": "Neon Blight",
            "store": "Epic, Steam"
        }
    ],

    [
        "+",
        {
            "title": "Loopmancer",
            "store": "Steam"
        }

    ],

    [
        "+",
        {
            "title": "Stones Keeper: King Aurelius",
            "store": "Steam"
        }
    ],

    [
        "+",

        {
            "title": "Wonder Boy: The Dragon's Trap",
            "store": "Epic"
        }

    ],

    [
        "+",
        {
            "title": "Dead Age 2",
            "store": "Epic, Steam"
        }

    ],


    [
        "+",
        {
            "title": "The Guild 3",
            "store": "Epic, Steam"
        }
    ],


    [
        "+",
        {
            "title": "HUNTDOWN",
            "store": "Epic, Steam"
        }

    ],

    [
        "+",

        {
            "title": "Out There: Oceans of Time",
            "store": "Epic, Steam"
        }
    ],


    [
        "+",
        {
            "title": "Titan Quest Anniversary Edition",
            "store": "Epic, Steam"
        }

    ]




]