[{"title": "Freshly Frosted", "store": "Family Channel"}, {"title": "Youtubers Life OMG Edition", "store": "Family Channel"}, {"title": "Worms Crazy Golf", "store": "Family Channel"}, {"title": "HOT WHEELS UNLEASHED", "store": "Family Channel"}, {"title": "Riptide GP Renegade", "store": "Family Channel"}, {"title": "Get Packed  Couch Chaos", "store": "Family Channel"}, {"title": "Max the Curse of Brotherhood", "store": "Family Channel"}, {"title": "Joggernauts", "store": "Family Channel"}, {"title": "Heave Ho", "store": "Family Channel"}, {"title": "Kine", "store": "Family Channel"}, {"title": "DreamWorks Spirit Lucky's Big Adventure", "store": "Family Channel"}, {"title": "Adventure Time Pirates of the Enchiridion", "store": "Family Channel"}, {"title": "PHOGS!", "store": "Family Channel"}, {"title": "Monster Harvest", "store": "Family Channel"}, {"title": "SkateBIRD", "store": "Family Channel"}, {"title": "Garfield Kart - Furious Racing", "store": "Family Channel"}, {"title": "Super Kickers League Ultimate", "store": "Family Channel"}, {"title": "PictoQuest", "store": "Family Channel"}, {"title": "Bridge Constructor Portal", "store": "Family Channel"}, {"title": "Yono and the Celestial Elephants", "store": "Family Channel"}, {"title": "Melbits World", "store": "Family Channel"}, {"title": "Space Otter Charlie", "store": "Family Channel"}, {"title": "Beach Buggy Racing 2 Hot Wheels Edition", "store": "Family Channel"}, {"title": "Skelittle A Giant Party!!", "store": "Family Channel"}, {"title": "TRANSFORMERS BATTLEGROUNDS", "store": "Family Channel"}, {"title": "Sparklite", "store": "Family Channel"}, {"title": "Urban Trial Playground", "store": "Family Channel"}, {"title": "Momonga Pinball Adventures", "store": "Family Channel"}, {"title": "Giana Sisters Twisted Dreams", "store": "Family Channel"}, {"title": "Pile Up!", "store": "Family Channel"}, {"title": "Summer Paws", "store": "Family Channel"}, {"title": "Monster Truck Championship - Rebel Hunter Edition", "store": "Family Channel"}, {"title": "El Hijo", "store": "Family Channel"}, {"title": "Bee Simulator", "store": "Family Channel"}, {"title": "The Adventure Pals", "store": "Family Channel"}, {"title": "Tumblestone", "store": "Family Channel"}, {"title": "Snake Pass", "store": "Family Channel"}, {"title": "SpongeBob Battle for Bikini Bottom - Rehydrated", "store": "Family Channel"}, {"title": "Race The Sun", "store": "Family Channel"}, {"title": "Smoots Summer Games", "store": "Family Channel"}, {"title": "Buildings Have Feelings Too!", "store": "Family Channel"}, {"title": "Spitlings", "store": "Family Channel"}, {"title": "Death Squared", "store": "Family Channel"}, {"title": "Smoots World Cup Tennis", "store": "Family Channel"}, {"title": "Wandersong", "store": "Family Channel"}, {"title": "Overcooked", "store": "Family Channel"}, {"title": "DreamWorks Dragons Dawn of New Riders", "store": "Family Channel"}, {"title": "Trollhunters Defenders of Arcadia", "store": "Family Channel"}, {"title": "Super Mega Baseball Extra Innings", "store": "Family Channel"}, {"title": "Spirit of the North Enhanced Edition", "store": "Family Channel"}, {"title": "Tracks - Toybox Edition", "store": "Family Channel"}]