[{"title": "Strife Veteran Edition", "store": "Retro Channel"}, {"title": "BASEBALL STARS 2", "store": "Retro Channel"}, {"title": "SHOCK TROOPERS 2ND SQUAD", "store": "Retro Channel"}, {"title": "SHOCK TROOPERS", "store": "Retro Channel"}, {"title": "THE KING OF FIGHTERS '97 GLOBAL MATCH", "store": "Retro Channel"}, {"title": "METAL SLUG", "store": "Retro Channel"}, {"title": "METAL SLUG X", "store": "Retro Channel"}, {"title": "DUSK", "store": "Retro Channel"}, {"title": "Earthworm Jim 2", "store": "Retro Channel"}, {"title": "Earthworm Jim", "store": "Retro Channel"}, {"title": "Mega Man Legacy Collection", "store": "Retro Channel"}, {"title": "Twinsen's Little Big Adventure 2 Classic", "store": "Retro Channel"}, {"title": "Steel Assault", "store": "Retro Channel"}, {"title": "Flashback", "store": "Retro Channel"}, {"title": "Capcom Arcade Stadium", "store": "Retro Channel"}, {"title": "METAL SLUG 3", "store": "Retro Channel"}, {"title": "Retro Classix Gate of Doom", "store": "Retro Channel"}, {"title": "SAMURAI SHODOWN V SPECIAL", "store": "Retro Channel"}, {"title": "Twinsen's Little Big Adventure Classic", "store": "Retro Channel"}, {"title": "Crystal Castles", "store": "Retro Channel"}, {"title": "BloodRayne 2 Terminal Cut", "store": "Retro Channel"}, {"title": "Retro Classix Joe & Mac - Caveman Ninja", "store": "Retro Channel"}, {"title": "THE LAST BLADE 2", "store": "Retro Channel"}, {"title": "Missile Command", "store": "Retro Channel"}, {"title": "Retro Classix Super BurgerTime", "store": "Retro Channel"}, {"title": "Super Breakout", "store": "Retro Channel"}, {"title": "Retro Classix Joe & Mac Returns", "store": "Retro Channel"}, {"title": "BloodRayne Terminal Cut", "store": "Retro Channel"}, {"title": "Centipede", "store": "Retro Channel"}, {"title": "Tempest", "store": "Retro Channel"}, {"title": "Dragon's Lair 2 Time Warp", "store": "Retro Channel"}, {"title": "Retro Classix Bad Dudes", "store": "Retro Channel"}, {"title": "THE KING OF FIGHTERS 2002 UNLIMITED MATCH", "store": "Retro Channel"}, {"title": "Shadow Man Remastered", "store": "Retro Channel"}, {"title": "PONG", "store": "Retro Channel"}, {"title": "Forsaken Remastered", "store": "Retro Channel"}, {"title": "Dragon's Lair", "store": "Retro Channel"}, {"title": "Retro Classix Two Crude", "store": "Retro Channel"}, {"title": "Panzer Paladin", "store": "Retro Channel"}, {"title": "Asteroids Deluxe", "store": "Retro Channel"}, {"title": "Another World - 20th Anniversary Edition", "store": "Retro Channel"}, {"title": "Retro Classix Heavy Barrel", "store": "Retro Channel"}, {"title": "GAROU MARK OF THE WOLVES", "store": "Retro Channel"}, {"title": "Space Ace", "store": "Retro Channel"}, {"title": "THE KING OF FIGHTERS '98 ULTIMATE MATCH FINAL ED.", "store": "Retro Channel"}, {"title": "Castlevania Anniversary Collection", "store": "Retro Channel"}, {"title": "Contra Anniversary Collection", "store": "Retro Channel"}]