[{"title": "Discovery Tour Viking Age", "store": "Ubisoft+ Channel"}, {"title": "MONOPOLY Madness", "store": "Ubisoft+ Channel"}, {"title": "Tom Clancy\u2019s Rainbow Six Extraction Deluxe Edition", "store": "Ubisoft+ Channel"}, {"title": "Far Cry 3 Blood Dragon", "store": "Ubisoft+ Channel"}, {"title": "Riders Republic", "store": "Ubisoft+ Channel"}, {"title": "Far Cry 6 Ultimate Edition", "store": "Ubisoft+ Channel"}, {"title": "From Dust", "store": "Ubisoft+ Channel"}, {"title": "Beyond Good & Evil", "store": "Ubisoft+ Channel"}, {"title": "Assassin's Creed Liberation", "store": "Ubisoft+ Channel"}, {"title": "Child of Light", "store": "Ubisoft+ Channel"}, {"title": "Assassin's Creed Chronicles Russia", "store": "Ubisoft+ Channel"}, {"title": "Assassin's Creed Chronicles India", "store": "Ubisoft+ Channel"}, {"title": "Assassin's Creed Chronicles China", "store": "Ubisoft+ Channel"}, {"title": "Immortals Fenyx Rising", "store": "Ubisoft+ Channel"}, {"title": "Starlink", "store": "Ubisoft+ Channel"}, {"title": "Watch Dogs Legion Ultimate Edition", "store": "Ubisoft+ Channel"}, {"title": "Far Cry 2", "store": "Ubisoft+ Channel"}, {"title": "Far Cry 5", "store": "Ubisoft+ Channel"}, {"title": "Assassin's Creed Odyssey", "store": "Ubisoft+ Channel"}, {"title": "Far Cry New Dawn", "store": "Ubisoft+ Channel"}, {"title": "Far Cry Primal", "store": "Ubisoft+ Channel"}, {"title": "Steep", "store": "Ubisoft+ Channel"}, {"title": "Trials Fusion", "store": "Ubisoft+ Channel"}, {"title": "The Crew", "store": "Ubisoft+ Channel"}, {"title": "Tom Clancy's Ghost Recon Wildlands Year 2 Ultimate Edition", "store": "Ubisoft+ Channel"}, {"title": "Tom Clancy's The Division", "store": "Ubisoft+ Channel"}, {"title": "Monopoly Plus", "store": "Ubisoft+ Channel"}, {"title": "Trials Rising", "store": "Ubisoft+ Channel"}, {"title": "Tom Clancy's Ghost Recon Breakpoint", "store": "Ubisoft+ Channel"}, {"title": "Assassin's Creed Origins", "store": "Ubisoft+ Channel"}, {"title": "Tom Clancy's The Division 2", "store": "Ubisoft+ Channel"}, {"title": "Far Cry 4", "store": "Ubisoft+ Channel"}, {"title": "Tom Clancy's Rainbow Six Siege", "store": "Ubisoft+ Channel"}, {"title": "Scott Pilgrim Vs. The World", "store": "Ubisoft+ Channel"}, {"title": "Watch Dogs 2", "store": "Ubisoft+ Channel"}, {"title": "Uno", "store": "Ubisoft+ Channel"}, {"title": "Assassin's Creed Syndicate", "store": "Ubisoft+ Channel"}, {"title": "Assassin's Creed Unity", "store": "Ubisoft+ Channel"}, {"title": "Watch Dogs", "store": "Ubisoft+ Channel"}, {"title": "Assassin's Creed Valhalla", "store": "Ubisoft+ Channel"}]