[{"title": "The Legend of Heroes Trails from Zero", "store": "Luna+ Channel"}, {"title": "Potion Permit", "store": "Luna+ Channel"}, {"title": "Thymesia", "store": "Luna+ Channel"}, {"title": "Lumote The Mastermote Chronicles", "store": "Luna+ Channel"}, {"title": "Tetris Effect Connected", "store": "Luna+ Channel"}, {"title": "El Shaddai ASCENSION OF THE METATRON HD Remaster", "store": "Luna+ Channel"}, {"title": "HOT WHEELS UNLEASHED", "store": "Luna+ Channel"}, {"title": "SAMURAI WARRIORS 5", "store": "Luna+ Channel"}, {"title": "Resident Evil 2", "store": "Luna+ Channel"}, {"title": "Resident Evil 3", "store": "Luna+ Channel"}, {"title": "Ys IX Monstrum Nox", "store": "Luna+ Channel"}, {"title": "Aragami Shadow Edition", "store": "Luna+ Channel"}, {"title": "Super Monkey Ball Banana Mania", "store": "Luna+ Channel"}, {"title": "Sonic Colors Ultimate", "store": "Luna+ Channel"}, {"title": "Okami HD", "store": "Luna+ Channel"}, {"title": "Lost Judgment", "store": "Luna+ Channel"}, {"title": "Grow Song of the Evertree", "store": "Luna+ Channel"}, {"title": "The Medium", "store": "Luna+ Channel"}, {"title": "Control Ultimate Edition", "store": "Luna+ Channel"}, {"title": "Hokko Life", "store": "Luna+ Channel"}, {"title": "Disc Room", "store": "Luna+ Channel"}, {"title": "Katana Zero", "store": "Luna+ Channel"}, {"title": "Myst", "store": "Luna+ Channel"}, {"title": "Judgment", "store": "Luna+ Channel"}, {"title": "Devil May Cry 5", "store": "Luna+ Channel"}, {"title": "Yakuza Like A Dragon", "store": "Luna+ Channel"}, {"title": "Chorus", "store": "Luna+ Channel"}, {"title": "GRIS", "store": "Luna+ Channel"}, {"title": "Mortal Shell", "store": "Luna+ Channel"}, {"title": "Epic Chef", "store": "Luna+ Channel"}, {"title": "CARRION", "store": "Luna+ Channel"}, {"title": "Olija", "store": "Luna+ Channel"}, {"title": "Amnesia Rebirth", "store": "Luna+ Channel"}, {"title": "Alien Isolation", "store": "Luna+ Channel"}, {"title": "Blair Witch", "store": "Luna+ Channel"}, {"title": "Enter The Gungeon", "store": "Luna+ Channel"}, {"title": "Mega Man 11", "store": "Luna+ Channel"}, {"title": "SMITE", "store": "Luna+ Channel"}, {"title": "Bridge Constructor The Walking Dead", "store": "Luna+ Channel"}, {"title": "Saints Row The Third Remastered", "store": "Luna+ Channel"}, {"title": "DIRT 5", "store": "Luna+ Channel"}, {"title": "Valkyria Chronicles 4 Complete Edition", "store": "Luna+ Channel"}, {"title": "The Falconeer", "store": "Luna+ Channel"}, {"title": "Bug Fables The Everlasting Sapling", "store": "Luna+ Channel"}, {"title": "Yakuza 0", "store": "Luna+ Channel"}, {"title": "Killer Queen Black", "store": "Luna+ Channel"}, {"title": "DiRT Rally 2.0", "store": "Luna+ Channel"}, {"title": "Sonic Mania Plus", "store": "Luna+ Channel"}, {"title": "Team Sonic Racing", "store": "Luna+ Channel"}, {"title": "The Legend of Heroes Trails of Cold Steel IV", "store": "Luna+ Channel"}, {"title": "Call of The Sea", "store": "Luna+ Channel"}, {"title": "Overcooked! 2", "store": "Luna+ Channel"}, {"title": "Rogue Heroes Ruins of Tasos", "store": "Luna+ Channel"}, {"title": "RAD", "store": "Luna+ Channel"}, {"title": "The Wonderful 101 Remastered", "store": "Luna+ Channel"}, {"title": "Obduction", "store": "Luna+ Channel"}, {"title": "Narita Boy", "store": "Luna+ Channel"}, {"title": "Redout Solar Challenge Edition", "store": "Luna+ Channel"}, {"title": "RIDE 4", "store": "Luna+ Channel"}, {"title": "EVERSPACE", "store": "Luna+ Channel"}, {"title": "Ghostrunner Complete Edition", "store": "Luna+ Channel"}, {"title": "Observer System Redux", "store": "Luna+ Channel"}, {"title": "GRID", "store": "Luna+ Channel"}, {"title": "Kingdom Come Deliverance Royal Edition", "store": "Luna+ Channel"}, {"title": "Super Mega Baseball 3", "store": "Luna+ Channel"}, {"title": "Tangledeep", "store": "Luna+ Channel"}, {"title": "No More Heroes 2 Desperate Struggle", "store": "Luna+ Channel"}, {"title": "BLAZBLUE CROSS TAG BATTLE", "store": "Luna+ Channel"}, {"title": "No More Heroes", "store": "Luna+ Channel"}, {"title": "Bloodstained  Ritual of the Night", "store": "Luna+ Channel"}, {"title": "Monster Boy and the Cursed Kingdom", "store": "Luna+ Channel"}, {"title": "Metro Exodus", "store": "Luna+ Channel"}, {"title": "Moving Out", "store": "Luna+ Channel"}, {"title": "UNDER NIGHT IN-BIRTH ExeLate[cl-r]", "store": "Luna+ Channel"}, {"title": "Shantae Risky's Revenge - Director's Cut", "store": "Luna+ Channel"}, {"title": "Panzer Dragoon Remake", "store": "Luna+ Channel"}, {"title": "Star Wars Pinball", "store": "Luna+ Channel"}, {"title": "Tennis World Tour 2", "store": "Luna+ Channel"}, {"title": "Thimbleweed Park", "store": "Luna+ Channel"}, {"title": "RESIDENT EVIL 7 biohazard Gold Edition", "store": "Luna+ Channel"}, {"title": "Valfaris", "store": "Luna+ Channel"}, {"title": "Paper Beast", "store": "Luna+ Channel"}, {"title": "A Plague Tale Innocence", "store": "Luna+ Channel"}, {"title": "Blazing Chrome", "store": "Luna+ Channel"}, {"title": "Two Point Hospital", "store": "Luna+ Channel"}, {"title": "CrossCode", "store": "Luna+ Channel"}, {"title": "Control", "store": "Luna+ Channel"}, {"title": "Castlevania Anniversary Collection", "store": "Luna+ Channel"}, {"title": "Cook, Serve, Delicious! 3?!", "store": "Luna+ Channel"}, {"title": "Mighty Switch Force! Collection", "store": "Luna+ Channel"}, {"title": "Contra Anniversary Collection", "store": "Luna+ Channel"}, {"title": "The Surge 2", "store": "Luna+ Channel"}, {"title": "The Sexy Brutale", "store": "Luna+ Channel"}, {"title": "Ken Follett's The Pillars of the Earth", "store": "Luna+ Channel"}, {"title": "RiME", "store": "Luna+ Channel"}, {"title": "R-Type Dimensions EX", "store": "Luna+ Channel"}, {"title": "Indivisible", "store": "Luna+ Channel"}, {"title": "Lumines Remastered", "store": "Luna+ Channel"}, {"title": "Wonder Boy The Dragon's Trap", "store": "Luna+ Channel"}, {"title": "Abzu", "store": "Luna+ Channel"}, {"title": "AO Tennis 2", "store": "Luna+ Channel"}, {"title": "Atomik RunGunJumpGun", "store": "Luna+ Channel"}, {"title": "The Surge", "store": "Luna+ Channel"}, {"title": "The Legend of Heroes Trails of Cold Steel III", "store": "Luna+ Channel"}, {"title": "Ys VIII Lacrimosa of DANA", "store": "Luna+ Channel"}, {"title": "Victor Vran Fractured Worlds", "store": "Luna+ Channel"}, {"title": "Rez Infinite", "store": "Luna+ Channel"}, {"title": "The Mummy Demastered", "store": "Luna+ Channel"}, {"title": "Brothers", "store": "Luna+ Channel"}, {"title": "Ghost of a Tale", "store": "Luna+ Channel"}, {"title": "Shadow Tactics Blades of the Shogun", "store": "Luna+ Channel"}, {"title": "Hard Reset Redux", "store": "Luna+ Channel"}, {"title": "Tacoma", "store": "Luna+ Channel"}, {"title": "Deponia Doomsday", "store": "Luna+ Channel"}, {"title": "Shantae and the Pirate's Curse", "store": "Luna+ Channel"}, {"title": "Infinite Minigolf", "store": "Luna+ Channel"}, {"title": "Furi", "store": "Luna+ Channel"}, {"title": "Iconoclasts", "store": "Luna+ Channel"}, {"title": "River City Girls", "store": "Luna+ Channel"}, {"title": "Edna & Harvey The Breakout - Anniversary Edition", "store": "Luna+ Channel"}, {"title": "SteamWorld Heist Ultimate Edition", "store": "Luna+ Channel"}, {"title": "SteamWorld Quest Hand of Gilgamech", "store": "Luna+ Channel"}, {"title": "SteamWorld Dig", "store": "Luna+ Channel"}, {"title": "SteamWorld Dig 2", "store": "Luna+ Channel"}, {"title": "Edna & Harvey Harvey's New Eyes", "store": "Luna+ Channel"}, {"title": "Shantae Half-Genie Hero Ultimate Edition", "store": "Luna+ Channel"}, {"title": "Yooka-Laylee", "store": "Luna+ Channel"}, {"title": "Yooka-Laylee and the Impossible Lair", "store": "Luna+ Channel"}, {"title": "Blasphemous", "store": "Luna+ Channel"}, {"title": "Yoku's Island Express", "store": "Luna+ Channel"}]