[{"title": "The Jackbox Party Pack 8", "store": "Jackbox Channel"}, {"title": "The Jackbox Party Pack 7", "store": "Jackbox Channel"}, {"title": "The Jackbox Party Pack 3", "store": "Jackbox Channel"}, {"title": "Drawful 2", "store": "Jackbox Channel"}, {"title": "The Jackbox Party Pack 6", "store": "Jackbox Channel"}, {"title": "The Jackbox Party Pack 5", "store": "Jackbox Channel"}, {"title": "The Jackbox Party Pack 2", "store": "Jackbox Channel"}, {"title": "The Jackbox Party Pack", "store": "Jackbox Channel"}, {"title": "The Jackbox Party Pack 4", "store": "Jackbox Channel"}]