[{"title": "12 Labours of Hercules"}, {"title": "ABRACA - Imagic Games"}, {"title": "Adam Wolfe"}, {"title": "Agatha Christie - Hercule Poirot: The First Cases"}, {"title": "Agatha Christie: The ABC Murders"}, {"title": "Agents Of Mayhem"}, {"title": "Alpine - The Simulation Game"}, {"title": "Among The Sleep - Enhanced Edition"}, {"title": "Anarcute"}, {"title": "Angelo Skate Away"}, {"title": "Another World - 20th Anniversary Edition"}, {"title": "Aqua Moto Racing Utopia"}, {"title": "Asterix & Obelix XXL 2"}, {"title": "Asterix & Obelix XXL 3: The Crystal Menhir"}, {"title": "Asterix & Obelix XXL: Romastered"}, {"title": "Asterix & Obelix: Slap them All !"}, {"title": "ATV Drift & Tricks"}, {"title": "Aurion : Legacy of the Kori-Odan"}, {"title": "AWAY: Journey to the Unexpected"}, {"title": "Back to Bed"}, {"title": "Battle vs Chess"}, {"title": "Beach Buggy Racing 2"}, {"title": "Beast Quest"}, {"title": "Beholder"}, {"title": "Blacksad: Under the Skin"}, {"title": "BlazBlue: Calamity Trigger"}, {"title": "BlazBlue: Cross Tag Battle"}, {"title": "Boiling Bolt"}, {"title": "Bombing Bastards"}, {"title": "Bombslinger"}, {"title": "Call Of Juarez: Gunslinger"}, {"title": "Castles"}, {"title": "Chariot"}, {"title": "Citrouille : Sweet Witches"}, {"title": "ClusterTruck"}, {"title": "Cubikolor"}, {"title": "Defend the Rook"}, {"title": "Deliver Us The Moon"}, {"title": "Dino Dini's Kick Off(tm) Revival"}, {"title": "Disney Alice in Wonderland"}, {"title": "Disney Epic Mickey 2: The Power of Two"}, {"title": "Disney Infinity 2.0: Gold Edition"}, {"title": "Disney Infinity 3.0: Gold Edition"}, {"title": "Disney Planes"}, {"title": "Disney Universe"}, {"title": "Disney*Pixar Brave: The Video Game"}, {"title": "Disney*Pixar Cars 2"}, {"title": "Disney*Pixar Toy Story 3 The Video Game"}, {"title": "Disney*Pixar WALL-E"}, {"title": "Dogfight 1942"}, {"title": "Double Kick Heroes"}, {"title": "DragoDino"}, {"title": "Eco Mahjong"}, {"title": "Escape Game Fort Boyard"}, {"title": "Ethan: Meteor Hunter"}, {"title": "Evergate"}, {"title": "F1 RACE STARS(tm)"}, {"title": "Fight of Animals"}, {"title": "Fight of Animals: Arena"}, {"title": "Fight of Gods"}, {"title": "Figment"}, {"title": "Flashback"}, {"title": "Fort Boyard"}, {"title": "Fractured Minds"}, {"title": "Frog Climbers"}, {"title": "Furi"}, {"title": "Garfield Kart - Furious Racing"}, {"title": "Gear.Club Unlimited 2 - Ultimate Edition"}, {"title": "Gems of Magic: Lost Family"}, {"title": "Ghost Cleaner"}, {"title": "Ginger: Beyond the Crystal"}, {"title": "God of Light: Remastered"}, {"title": "God's Trigger"}, {"title": "Gravel"}, {"title": "GRIP: Combat Racing"}, {"title": "Guilty Gear Xrd -REVELATOR-"}, {"title": "Handball 17"}, {"title": "Holiday Flight Simulator"}, {"title": "Homefront"}, {"title": "Homefront(r): The Revolution"}, {"title": "HOT WHEELS UNLEASHED(tm)"}, {"title": "Hue"}, {"title": "Iris and the Giant"}, {"title": "Jewel Match Solitaire X Collector's Edition"}, {"title": "Kill It With Fire"}, {"title": "Kingdom Come: Deliverance"}, {"title": "Koh-Lanta"}, {"title": "Legend of Keepers: Career of a Dungeon Manager"}, {"title": "Legendary Mahjong"}, {"title": "LEGO(r) Indiana Jones(tm) 2: The Adventure Continues"}, {"title": "LEGO(r) Indiana Jones(tm): The Original Adventures"}, {"title": "LEGO(r) Star Wars(tm) - The Complete Saga"}, {"title": "LEGO(r) Star Wars(tm)III - The Clone Wars(tm)"}, {"title": "LEGO(r)Pirates of the Caribbean: The Video Game"}, {"title": "Lords of the Fallen(tm) Game of Year Edition"}, {"title": "Marble Duel: Sphere Matching Tactical Fantasy"}, {"title": "MARSUPILAMI - HOOBADVENTURE"}, {"title": "Max: The Curse of Brotherhood"}, {"title": "Mechanic Escape"}, {"title": "MEGAPARTY a Tootuff Adventure"}, {"title": "Metal Slug 3"}, {"title": "Momonga Pinball Adventures"}, {"title": "Monster Energy Supercross - The Official Videogame"}, {"title": "Moto Racer 4"}, {"title": "MotoGP(tm)17"}, {"title": "Murder Mystery Machine"}, {"title": "MXGP - The Official Motocross Videogame"}, {"title": "MXGP 2 - The Official Motocross Videogame"}, {"title": "My Universe - Doctors & Nurses"}, {"title": "My Universe - Interior Designer"}, {"title": "My Universe - School Teacher"}, {"title": "My Universe: Cooking Star Restaurant"}, {"title": "NECROPOLIS: BRUTAL EDITION"}, {"title": "Neon Beats"}, {"title": "New Yankee 6: In Pharaoh's Court"}, {"title": "Offroad Racing - Buggy X ATV X Moto"}, {"title": "On The Road - Truck Simulator"}, {"title": "Outcast - Second Contact"}, {"title": "Pankapu"}, {"title": "Paw Patrol: On a Roll!"}, {"title": "Peaky Blinders: Mastermind"}, {"title": "Pile Up! Box by Box"}, {"title": "Professor Rubik's Brain Fitness"}, {"title": "Project Blue Book: Hidden Mysteries"}, {"title": "Pumped BMX+"}, {"title": "Puppet Kings"}, {"title": "Pure Farming 2018"}, {"title": "Rad Rodgers Radical Edition"}, {"title": "Redout: Enhanced Edition"}, {"title": "Reussir : Code de la Route - Nouvelle Edition"}, {"title": "RIDE"}, {"title": "Riptide GP: Renegade"}, {"title": "Robin Hood: Country Heroes. Collector's Edition"}, {"title": "Roki"}, {"title": "ROOMS: The Toymaker's Mansion"}, {"title": "Rune Lord"}, {"title": "Saints Row IV: Game of the Century Edition"}, {"title": "Saints Row: Gat Out of Hell"}, {"title": "Saints Row: The Third - The Full Package"}, {"title": "Semispheres"}, {"title": "Shadow Tactics: Blades of the Shogun"}, {"title": "Shantae and the Seven Sirens"}, {"title": "Shantae: Half-Genie Hero Ultimate Edition"}, {"title": "Shift Quantum"}, {"title": "Silence"}, {"title": "Skelattack"}, {"title": "Smoots World Cup Tennis"}, {"title": "Snake Pass"}, {"title": "Sniper Ghost Warrior 3"}, {"title": "Snow Moto Racing Freedom"}, {"title": "Songbird Symphony"}, {"title": "Spike Volleyball"}, {"title": "Splasher"}, {"title": "Split/Second: Velocity"}, {"title": "STAR WARS(tm): The Force Unleashed(tm) Ultimate Sith Edition"}, {"title": "Stealth Inc 2: A Game of Clones"}, {"title": "Steel Rats"}, {"title": "Steredenn: Binary Stars"}, {"title": "Strikers Edge"}, {"title": "Super Arcade Soccer 2021"}, {"title": "Super Dungeon Bros"}, {"title": "Super Sports Blast"}, {"title": "Supermarket Shriek"}, {"title": "Syberia 3"}, {"title": "Tears of Avia"}, {"title": "Tempest: Pirate Action RPG"}, {"title": "Tennis World Tour: Roland-Garros Edition"}, {"title": "That's My Family! Checkers + Connect 4"}, {"title": "The Bluecoats: North & South"}, {"title": "The Descendant - Complete Season"}, {"title": "The Falconeer: Warrior Edition"}, {"title": "The Flame in the Flood"}, {"title": "The Last Tinker(tm): City of Colors"}, {"title": "The Sisters - Party of the Year"}, {"title": "The Smurfs - Mission Vileaf"}, {"title": "The Uncertain : Last Quiet Day"}, {"title": "The Uncertain: Light At The End"}, {"title": "Time Loader"}, {"title": "TOKI"}, {"title": "Toybox Turbos"}, {"title": "Train Valley"}, {"title": "Trine 4: The Nightmare Prince"}, {"title": "True Fear: Forsaken Souls - Part 1"}, {"title": "True Fear: Forsaken Souls - Part 2"}, {"title": "Tyler Model: 005"}, {"title": "Type:Rider"}, {"title": "Urban Trial Playground"}, {"title": "Urban Trial Tricky(tm) Deluxe Edition"}, {"title": "Victor Vran: Overkill Edition"}, {"title": "Viking Brothers 5"}, {"title": "White Day: A Labyrinth Named School"}, {"title": "Who Wants To Be A Millionaire?"}, {"title": "Wonder Boy: The Dragon's Trap"}, {"title": "WRC 6 FIA World Rally Championship"}, {"title": "WRC 7 FIA World Rally Championship"}, {"title": "Yesterday Origins"}, {"title": "Yono and the Celestial Elephants"}, {"title": "Yooka-Laylee"}, {"title": "Zombie Pinball"}]