[{"title": "Shadow Warrior 3"}, {"title": "Marvel\u2019s Guardians of the Galaxy"}, {"title": "ConnecTank"}, {"title": "Death Stranding Director\u2019s Cut"}, {"title": "NBA 2K22"}, {"title": "WRC 10 FIA World Rally Championship"}, {"title": "Ghost of Tsushima Director\u2019s Cut"}, {"title": "Cris Tales"}, {"title": "Balan Wonderworld"}, {"title": "Yet Another Zombie Defense HD"}, {"title": "Werewolf: The Apocalypse \u2013 Earthblood"}, {"title": "Control: Ultimate Edition"}, {"title": "Destruction AllStars"}, {"title": "Chronos: Before the Ashes"}, {"title": "Unturned"}, {"title": "Assassin\u2019s Creed Valhalla"}, {"title": "Marvel\u2019s Spider-Man: Miles Morales"}, {"title": "Demon\u2019s Souls (PS5)"}, {"title": "Chicken Police \u2013 Paint It Red!"}, {"title": "Ghostrunner"}, {"title": "9 Monkeys of Shaolin"}, {"title": "Crash Bandicoot 4: It\u2019s About Time"}, {"title": "Mafia: Definitive Edition"}, {"title": "Crysis Remastered"}, {"title": "Kingdoms of Amalur: Re-Reckoning"}, {"title": "Windbound"}, {"title": "Pathfinder: Kingmaker \u2013 Definitive Edition"}, {"title": "Through the Darkest of Times"}, {"title": "Relicta"}, {"title": "Spitlings"}, {"title": "NASCAR Heat 5"}, {"title": "Assetto Corsa Competizione"}, {"title": "Desperados III"}, {"title": "BioShock Remastered"}, {"title": "BioShock 2 Remastered"}, {"title": "Maneater"}, {"title": "Fury Unleashed"}, {"title": "John Wick Hex"}, {"title": "Moving Out"}, {"title": "Stranded Deep"}, {"title": "Totally Reliable Delivery Service"}, {"title": "Darksiders Genesis"}, {"title": "AO Tennis 2"}, {"title": "Ash of Gods Redemption"}, {"title": "Patapon 2 Remastered"}, {"title": "Journey to the Savage Planet"}, {"title": "Ashen"}, {"title": "AVICII Invector"}, {"title": "Bee Simulator"}, {"title": " Death Stranding"}, {"title": "MediEvil"}, {"title": "Outer Wilds"}, {"title": "Children of Morta"}, {"title": "Frostpunk"}, {"title": "Trine 4: The Nightmare Prince"}, {"title": "Concrete Genie"}, {"title": "The Surge 2"}, {"title": "GreedFall"}, {"title": "Blasphemous"}, {"title": "Final Fantasy VIII Remastered"}, {"title": "The Dark Pictures Anthology: Man of Medan"}, {"title": "Wreckfest"}, {"title": "Age of Wonders: Planetfall"}, {"title": "Hollow Knight Voidheart Edition"}, {"title": "Car Mechanic Simulator"}, {"title": "Observation"}, {"title": "Days Gone"}, {"title": "Mortal Kombat 11"}, {"title": "My Time at Portia"}, {"title": "Power Rangers: Battle for the Grid"}, {"title": "Chocobo\u2019s Mystery Dungeon EVERY BUDDY!"}, {"title": "Ghost of a Tale"}, {"title": "Warhammer: Vermintide 2"}, {"title": "Darksiders III"}, {"title": "Fallout 76"}, {"title": "11-11: Memories Retold"}, {"title": "Call of Cthulhu"}, {"title": "Red Dead Redemption 2"}, {"title": "Soulcalibur VI"}, {"title": "NBA 2K Playgrounds 2"}, {"title": "8-Bit Armies"}, {"title": "428: Shibuya Scramble"}, {"title": "Bad North"}, {"title": "Warhammer 40,000: Inquisitor Martyr"}, {"title": "Brawlout"}, {"title": "Overcooked! 2"}, {"title": "Dead Cells"}, {"title": "Red Faction Guerrilla Re-MARS-tered"}, {"title": "The Crew 2"}, {"title": "Far Cry 3: Classic Edition"}, {"title": "Vampyr"}, {"title": "Moonlighter"}, {"title": "Detroit: Become Human"}, {"title": "God of War"}, {"title": "MX vs ATV All Out"}, {"title": "The Raven Remastered"}, {"title": "Surviving Mars"}, {"title": "Pure Farming 2018"}, {"title": "Final Fantasy XV Royal Edition"}, {"title": "Rad Rodgers"}, {"title": "Kingdom Come: Deliverance"}, {"title": "Dandara: Trials of Fear Edition"}, {"title": "Celeste"}, {"title": "Kingdom: New Lands"}, {"title": "Hello Neighbor"}, {"title": "Black Mirror"}, {"title": "Ace of Seafood"}, {"title": "Bubsy: The Woolies Strike Back"}, {"title": "Mudrunner"}, {"title": "Nights of Azure 2: Bride of the New Moon"}, {"title": "Rapala Fishing: Pro Series"}, {"title": "Raiden V: Director\u2019s Cut"}, {"title": "Battle Chasers: Nightwar"}, {"title": "Final Fantasy IX"}, {"title": "Baja: Edge of Control"}, {"title": "Pillars of Eternity: Complete Edition"}, {"title": "Warriors All-Stars"}, {"title": "Absolver"}, {"title": "Uncharted: The Lost Legacy"}, {"title": "Cities Skylines"}, {"title": "Agents of Mayhem"}, {"title": "Sine Mora EX"}, {"title": "The Long Dark"}, {"title": "Patapon Remastered"}, {"title": "Infinite Minigolf"}, {"title": "Final Fantasy XII The Zodiac Age"}, {"title": "Crash Bandicoot N. Sane Trilogy"}, {"title": "JumpJet Rex"}, {"title": "Get Even"}, {"title": "Chess Ultra"}, {"title": "Dark Rose Valkyrie"}, {"title": "WipEout: Omega Collection"}, {"title": "Damascus Gear: Operation Tokyo HD Edition"}, {"title": "Danger Zone"}, {"title": "Lock\u2019s Quest"}, {"title": "Victor Vran: Overkill Edition"}, {"title": "Friday the 13th: The Game"}, {"title": "AKIBA\u2019S BEAT"}, {"title": "Seasons After Fall"}, {"title": "The Surge"}, {"title": "Injustice 2"}, {"title": "Call of Duty: Black Ops III \u2013 Zombie Chronicles Edition"}, {"title": "LocoRoco Remastered"}, {"title": "Prey"}, {"title": "Little Nightmares"}, {"title": "Shiness: The Lightning Kingdom"}, {"title": "Bulletstorm: Full Clip Edition"}, {"title": "Nightmares from the Deep 2: The Siren\u2019s Call"}, {"title": "Vikings: Wolves of Midgard"}, {"title": "This is the Police"}, {"title": "Toukiden 2"}, {"title": "Death Squared"}, {"title": "2Dark"}, {"title": "Horizon Zero Dawn"}, {"title": "Clouds & Sheep 2"}, {"title": "Malicious Fallen"}, {"title": "For Honor"}, {"title": "Sniper Elite 4"}, {"title": "Nioh"}, {"title": "Enigmatis: The Ghosts of Maple Creek"}, {"title": "The Turing Test"}, {"title": "Resident Evil 7 biohazard"}, {"title": "Gravity Rush 2"}, {"title": "Wild Guns Reloaded"}, {"title": "The Last Guardian"}, {"title": "Garou: Mark of the Wolves"}, {"title": "Steep"}, {"title": "Darksiders: Warmastered Edition"}, {"title": "Cartoon Network: Battle Crashers"}, {"title": "LEGO Harry Potter Collection"}, {"title": "Battlefield 1"}, {"title": "Atari Flashback Classics Vol 1"}, {"title": "Atari Flashback Classics Vol 2"}, {"title": "Aragami"}, {"title": "Mafia III"}, {"title": "Rogue Stormers"}, {"title": "XCOM 2"}, {"title": "BioShock Infinite: The Complete Edition"}, {"title": "Mount & Blade: Warband"}, {"title": "Touhou Genso Rondo: Bullet Ballet"}, {"title": "Bound"}, {"title": "Caladrius Blaze"}, {"title": "ABZU"}, {"title": "Tricky Towers"}, {"title": "ADR1FT"}, {"title": "Carmageddon: Max Damage"}, {"title": "Romance of the Three Kingdoms XIII"}, {"title": "The Technomancer"}, {"title": "Deadlight: Director\u2019s Cut"}, {"title": "Electronic Super Joy"}, {"title": "Mighty No. 9"}, {"title": "Umbrella Corps"}, {"title": "Guilty Gear Xrd -Revelator-"}, {"title": "Dangerous Golf"}, {"title": "Dungeons 2"}, {"title": "Homefront: The Revolution"}, {"title": "Shadow of the Beast"}, {"title": "Doom"}, {"title": "Uncharted 4: A Thief\u2019s End"}, {"title": "Shadow Complex"}, {"title": "Alienation"}, {"title": "Ratchet & Clank"}, {"title": "Nights of Azure"}, {"title": "Joe Dever\u2019s Lone Wolf"}, {"title": "Tom Clancy\u2019s The Division"}, {"title": "Heavy Rain"}, {"title": "Agatha Christie: The ABC Murders"}, {"title": "Mitsurugi Kamui Hikae"}, {"title": "Pixel Piracy"}, {"title": "Rainbow Moon"}, {"title": "TRON RUN/r"}, {"title": "Naruto Shippuden: Ultimate Ninja Storm 4"}, {"title": "Gravity Rush Remastered"}, {"title": "Megadimension Neptunia VII"}, {"title": "This War of Mine: The Little Ones"}, {"title": "Croixleur Sigma"}, {"title": "Rebel Galaxy"}, {"title": "Earth Defense Force 4.1: The Shadow of New Despair"}, {"title": "Final Fantasy VII"}, {"title": "BEYOND: Two Souls"}, {"title": "Super Star Wars"}, {"title": "Fallout 4"}, {"title": "Air Conflicts: Pacific Carriers"}, {"title": "Dragon Fin Soup"}, {"title": "Darksiders II: Deathinitive Edition"}, {"title": "Marvel Puzzle Quest: Dark Reign"}, {"title": "Goosebumps: The Game"}, {"title": "Grand Ages: Medieval"}, {"title": "Uncharted The Nathan Drake Collection"}, {"title": "SOMA"}, {"title": "The Book of Unwritten Tales 2"}, {"title": "Leo\u2019s Fortune"}, {"title": "Tearaway Unfolded"}, {"title": "Nobunaga\u2019s Ambition: Sphere of Influence"}, {"title": "Back to Bed"}, {"title": "I Am Bread"}, {"title": "Until Dawn"}, {"title": "Pure Hold\u2019em World Poker Championship"}, {"title": "Brothers: A Tale of Two Sons"}, {"title": "Velocibox"}, {"title": "Deception IV: The Nightmare Princess"}, {"title": "God Of War 3 Remastered"}, {"title": "The Vanishing of Ethan Carter"}, {"title": "Whispering Willows"}, {"title": "Astebreed"}, {"title": "Batman: Arkham Knight"}, {"title": "Payday 2: Crimewave Edition"}, {"title": "The Elder Scrolls Online"}, {"title": "Sparkle Unleashed"}, {"title": "Magicka 2"}, {"title": "Final Fantasy X/X-2 HD Remaster"}, {"title": "Omega Quintet"}, {"title": "Tropico 5"}, {"title": "Mortal Kombat X"}, {"title": "Toukiden: Kiwami"}, {"title": "Disgaea 5: Alliance of Vengeance"}, {"title": "Bloodborne"}, {"title": "Borderlands: The Handsome Collection"}, {"title": "Metal Slug 3"}, {"title": "Slender: The Arrival"}, {"title": "Anna Extended Edition"}, {"title": "Bladestorm: Nightmare"}, {"title": "Resident Evil Revelations 2 Complete Season"}, {"title": "The Awakened Fate: Ultimatum"}, {"title": "Atelier Shallie: Alchemists of the Dusk Sea"}, {"title": "Hotline Miami 2: Wrong Number"}, {"title": "Starwhal"}, {"title": "Dead or Alive 5: Last Round"}, {"title": "Q*Bert: Rebooted"}, {"title": "Giana Sisters: Twisted Dreams"}, {"title": "Syberia"}, {"title": "Class of Heroes 2G"}, {"title": "Akiba\u2019s Trip: Undead and Undressed"}, {"title": "Jetpack Joyride Deluxe"}, {"title": "Thomas was Alone"}, {"title": "Escape Dead Island"}, {"title": "LittleBigPlanet 3"}, {"title": "Far Cry 4"}, {"title": "LEGO Batman 3: Beyond Gotham"}, {"title": "Retro City Rampage DX"}, {"title": "Terraria"}, {"title": "How to Survive: Storm Warning Edition"}, {"title": "Fluster Cluck"}, {"title": "Samurai Warriors 4"}, {"title": "Nidhogg"}, {"title": "Divekick"}, {"title": "Invizimals: The Lost Kingdom"}, {"title": "Ar Nosurge: Ode to an Unborn Star"}, {"title": "Arcana Heart 3: Love Max!!!!!"}, {"title": "Defense Grid 2"}, {"title": "Air Conflicts: Vietnam"}, {"title": "Metro Last Light Redux"}, {"title": "Metro 2033 Redux"}, {"title": "InFAMOUS: First Light"}, {"title": "Kung Fu Rabbit"}, {"title": "The Last Tinker: City of Colors"}, {"title": "Surgeon Simulator"}, {"title": "Sacred 3: Gold Edition"}, {"title": "Pure Pool"}, {"title": "The Last of Us Remastered"}, {"title": "Atelier Rorona Plus: The Alchemist of Arland"}, {"title": "Battle Princess of Arcadias"}, {"title": "Tales from Space: Mutant Blobs Attack"}, {"title": "Enemy Front"}, {"title": "Entwined"}, {"title": "R-Type Dimensions"}, {"title": "Wolfenstein: The New Order"}, {"title": "Bound by Flame"}, {"title": "Hakuoki: Stories of the Shinsengumi"}, {"title": "Raiden IV: Overkill"}, {"title": "Child of Light"}, {"title": "Cel Damage HD"}, {"title": "Ragnarok Odyssey Ace"}, {"title": "Deception IV: Blood Ties"}, {"title": "The Witch and the Hundred Knight: Revival Edition"}, {"title": "Dynasty Warriors 8 Xtreme Legends"}, {"title": "inFAMOUS Second Son"}, {"title": "Yaiba: Ninja Gaiden Z"}, {"title": "Vessel"}, {"title": "Atelier Escha & Logy: Alchemists of the Dusk Sky"}, {"title": "Dead Nation: Apocalypse Edition"}, {"title": "Castlevania Lords of Shadow 2"}, {"title": "Magus"}, {"title": "Earth Defense Force 2025"}, {"title": "Strider"}, {"title": "The Last of Us: Left Behind"}, {"title": "Skullgirls Encore"}, {"title": "The LEGO Movie Videogame"}, {"title": "Truck Racer"}, {"title": "Blood Knights"}, {"title": "Killzone Shadow Fall"}, {"title": "Knack"}, {"title": "Resogun"}, {"title": "Injustice: Gods Among Us Ultimate Edition"}, {"title": "Ratchet & Clank: Into the Nexus"}, {"title": "Velocity Ultra"}, {"title": "XCOM: Enemy Within"}, {"title": "Final Exam"}, {"title": "The Guided Fate Paradox"}, {"title": "Castlevania Lords of Shadow \u2013 Mirror of Fate HD"}, {"title": "Proteus"}, {"title": "Batman: Arkham Origins"}, {"title": "Alien Rage"}, {"title": "Ethan: Meteor Hunter"}, {"title": "BATTLE OF TILES EX"}, {"title": "Disgaea D2: A Brighter Darkness"}, {"title": "Rain"}, {"title": "Skydive: Proximity Flight"}, {"title": "Puppeteer"}, {"title": "Sanctum 2"}, {"title": "Port Royale 3: Gold"}, {"title": "Lost Planet 3"}, {"title": "Mars: War Logs"}, {"title": "Thunder Wolves"}, {"title": "ibb & obb"}, {"title": "Narco Terror"}, {"title": "XBLAZE Code: Embryo"}, {"title": "Hot Shots Golf: World Invitational"}, {"title": "Alien Spidy"}, {"title": "Dynasty Warriors 8"}, {"title": "Mamorukun Curse!"}, {"title": "Voodoo Chronicles: The First Sign"}, {"title": "Pool Nation"}, {"title": "Resident Evil Revelations"}, {"title": "Zombie Tycoon II: Brainhov\u2019s Revenge"}, {"title": "Sacred Citadel"}, {"title": "Ninja Gaiden 3: Razor\u2019s Edge"}, {"title": "Darkstalkers Resurrection"}, {"title": "God of War: Ascension"}, {"title": "Atelier Ayesha: The Alchemist of Dusk"}, {"title": "BIT.TRIP Presents\u2026 Runner2: Future Legend of Rhythm Alien"}, {"title": "Fuel Overdose"}, {"title": "Dynasty Warriors 7: Empires"}, {"title": "Capcom Arcade Cabinet: All-in-One-Pack"}, {"title": "Urban Trial FreeStyle"}, {"title": "Heavy Fire: Shattered Spear"}, {"title": "Dogfight 1942"}, {"title": "Karateka"}, {"title": "Knytt Underground"}, {"title": "Big Sky: Infinity"}, {"title": "Black Knight Sword"}, {"title": "Judge Dee \u2013 The City God Case"}, {"title": "Rotastic"}, {"title": "Ratchet & Clank: Full Frontal Assault"}, {"title": "Disney Epic Mickey 2: The Power of Two"}, {"title": "Planets Under Attack"}, {"title": "Pid"}, {"title": "When Vikings Attack"}, {"title": "Derrick the Deathfin"}, {"title": "Devil May Cry HD Collection"}, {"title": "Joe Danger 2: The Movie"}, {"title": "Machinarium"}, {"title": "Warlords"}, {"title": "Resident Evil 6"}, {"title": "Realms of Ancient War"}, {"title": "Tokyo Jungle"}, {"title": "Dead or Alive 5"}, {"title": "Zen Pinball 2: Zen Pinball Classics"}, {"title": "Anomaly Warzone Earth"}, {"title": "Double Dragon Neon"}, {"title": "Red Johnson\u2019s Chronicles: One Against All"}, {"title": "Legasista"}, {"title": "Retro/Grade"}, {"title": "Way of the Samurai 4"}, {"title": "Papo & Yo"}, {"title": "Resident Evil: The Darkside Chronicles HD"}, {"title": "Resident Evil: The Umbrella Chronicles HD"}, {"title": "Bellator MMA Onslaught"}, {"title": "Record of Agarest War 2"}, {"title": "Brave"}, {"title": "LEGO Batman 2: DC Super Heroes"}, {"title": "Bang Bang Racing"}, {"title": "Sniper Elite V2"}, {"title": "Doc Clock: The Toasted Sandwich of Time"}, {"title": "Ninja Gaiden 3"}, {"title": "Resident Evil Operation Raccoon City"}, {"title": "Warriors Orochi 3"}, {"title": "Motorstorm RC Complete Edition"}, {"title": "Asura\u2019s Wrath"}, {"title": "BlazBlue: Continuum Shift Extend"}, {"title": "The Darkness II"}, {"title": "ICO"}, {"title": "Zack Zero"}, {"title": "All Zombies Must Die!"}, {"title": "The King of Fighters XIII"}, {"title": "Heavy Fire: Afghanistan"}, {"title": "Air Conflicts: Secret Wars"}, {"title": "Dynasty Warriors 7: Xtreme Legends"}, {"title": "Saints Row The Third \u2013 The Full Package"}, {"title": "Champion Jockey: G1 Jockey & Gallop Racer"}, {"title": "Jimmie Johnson\u2019s Anything with an Engine"}, {"title": "Disney Universe"}, {"title": "inFAMOUS: Festival Of Blood"}, {"title": "Batman: Arkham City"}, {"title": "Okabu"}, {"title": "Ratchet & Clank: All 4 One"}, {"title": "Rocketbirds: Hardboiled Chicken"}, {"title": "Sam & Max: Beyond Time and Space"}, {"title": "Eufloria"}, {"title": "RAGE"}, {"title": "Castlevania Harmony of Despair"}, {"title": "Resident Evil Code Veronica X HD"}, {"title": "Shadow of the Colossus"}, {"title": "Resident Evil 4"}, {"title": "BloodRayne: Betrayal"}, {"title": "Disgaea 4: A Promise Unforgotten"}, {"title": "Resistance 3"}, {"title": "Skydrift"}, {"title": "Hamilton\u2019s Great Adventure"}, {"title": "Street Fighter III: Third-Strike Online Edition"}, {"title": "Phineas and Ferb: Across the Second Dimension"}, {"title": "Deadliest Warrior: Legends"}, {"title": "Earth Defense Force: Insect Armageddon"}, {"title": "Cars 2: The Video Game"}, {"title": "Greg Hastings Paintball 2"}, {"title": "Record of Agarest War Zero"}, {"title": "Duke Nukem Forever"}, {"title": "inFAMOUS 2"}, {"title": "Dragon\u2019s Lair II: Time Warp"}, {"title": "Star Raiders"}, {"title": "Hunted: The Demon\u2019s Forge"}, {"title": "Armageddon Riders"}, {"title": "Battle vs. Chess"}, {"title": "Brink"}, {"title": "LEGO Pirates of the Caribbean: The Video Game"}, {"title": "MX vs. ATV Alive"}, {"title": "MotorStorm: Apocalypse"}, {"title": "Red Johnson\u2019s Chronicles"}, {"title": "Arcana Heart 3"}, {"title": "Puzzle Agent"}, {"title": "Red Faction Battlegrounds"}, {"title": "StarDrone"}, {"title": "Chime Super Deluxe"}, {"title": "Dynasty Warriors 7"}, {"title": "Ghostbusters: Sanctum of Slime"}, {"title": "LEGO Star Wars 3: The Clone Wars"}, {"title": "Warriors: Legends of Troy"}, {"title": "Space Ace"}, {"title": "Tales from Space: About a Blob"}, {"title": "Trinity: Souls of Zill O\u2019ll"}, {"title": "Bionic Commando: Rearmed 2"}, {"title": "The UnderGarden"}, {"title": "Faery: Legends of Avalon"}, {"title": "Ricochet HD"}, {"title": "Eat Them!"}, {"title": "Strong Bad\u2019s Cool Game for Attractive People"}, {"title": "TRON: Evolution"}, {"title": "Dragon\u2019s Lair"}, {"title": "Spelunker HD"}, {"title": "Sky Fighter"}, {"title": "God of War HD"}, {"title": "Hoard"}, {"title": "Red Dead Redemption: Undead Nightmare"}, {"title": "Star Wars: The Force Unleashed II"}, {"title": "Aqua Panic!"}, {"title": "Fallout: New Vegas"}, {"title": "Deadliest Warrior: The Game"}, {"title": "Enslaved: Odyssey to the West"}, {"title": "Quantum Theory"}, {"title": "Mafia II"}, {"title": "PixelJunk Racers 2nd Lap"}, {"title": "Monkey Island 2 Special Edition: LeChuck\u2019s Revenge"}, {"title": "Death Track: Resurrection"}, {"title": "Planet Minigolf"}, {"title": "Soldner-X 2: Final Prototype"}, {"title": "Red Dead Redemption"}, {"title": "Rocket Knight"}, {"title": "Split/Second"}, {"title": "Lost Planet 2"}, {"title": "Lead and Gold: Gangs of the Wild West"}, {"title": "Record of Agarest War"}, {"title": "The Secret of Monkey Island: Special Edition"}, {"title": "Final Fight: Double Impact"}, {"title": "Anarchy: Rush Hour"}, {"title": "Hamsterball"}, {"title": "Wakeboarding HD"}, {"title": "Sam & Max The Devil\u2019s Playhouse"}, {"title": "Mega Man 10"}, {"title": "Resident Evil 5: Gold Edition"}, {"title": "Dynasty Warriors: Strikeforce"}, {"title": "White Knight Chronicles"}, {"title": "Hustle Kings"}, {"title": "Dark Void"}, {"title": "Matt Hazard: Blood Bath & Beyond"}, {"title": "Battle Fantasia"}, {"title": "Frogger Returns"}, {"title": "Wizardry: Labyrinth of Lost Souls"}, {"title": "MX vs. ATV Reflex"}, {"title": "Rogue Warrior"}, {"title": "LEGO Indiana Jones 2: The Adventure Continues"}, {"title": "Numblast"}, {"title": "Star Wars The Force Unleashed: Ultimate Sith Edition"}, {"title": "Ratchet & Clank Future: A Crack in Time"}, {"title": ".detuned"}, {"title": "Way of the Samurai 3"}, {"title": "Cars Race-O-Rama"}, {"title": "Critter Crunch"}, {"title": "AFRIKA"}, {"title": "Ninja Gaiden Sigma 2"}, {"title": "Interpol: The Trail of Dr. Chaos"}, {"title": "Batman: Arkham Asylum"}, {"title": "Smash Cars"}, {"title": "Shatter"}, {"title": "G-Force"}, {"title": "BlazBlue: Calamity Trigger"}, {"title": "Dynasty Warriors 6: Empires"}, {"title": "Trash Panic"}, {"title": "inFAMOUS"}, {"title": "Rag Doll Kung Fu: Fists of Plastic"}, {"title": "Comet Crash: Bionic Bundle"}, {"title": "Burn Zombie Burn: The Diarrhea Bundle"}, {"title": "Eat Lead: The Return of Matt Hazard"}, {"title": "Savage Moon"}, {"title": "Magic Orbz"}, {"title": "Cuboid Ultimate Bundle"}, {"title": "Mahjong Tales: Ancient Wisdom"}, {"title": "LUMINES Supernova"}, {"title": "Crash Commando"}, {"title": "Soldner-X: Himmelssturmer"}, {"title": "Super Street Fighter II Turbo HD Remix"}, {"title": "Alone in the Dark: Inferno"}, {"title": "Bolt"}, {"title": "Penny Arcade Adventures: On the Rain-Slick Precipice of Darkness: Episode 2"}, {"title": "Fallout 3"}, {"title": "Penny Arcade Adventures: On the Rain-Slick Precipice of Darkness: Episode One"}, {"title": "Saints Row 2"}, {"title": "Linger in Shadows"}, {"title": "Mega Man 9"}, {"title": "LEGO Batman: The Videogame"}, {"title": "The Last Guy"}, {"title": "Disgaea 3: Absence of Justice"}, {"title": "Ratchet & Clank Future: Quest for Booty"}, {"title": "Bionic Commando: Rearmed"}, {"title": "Siren: Blood Curse Episodes 1-12"}, {"title": "Elefunk"}, {"title": "Sid Meier\u2019s Civilization Revolution"}, {"title": "LEGO Indiana Jones: The Original Adventures"}, {"title": "PixelJunk Monsters Encore"}, {"title": "echochrome"}, {"title": "Dark Sector"}, {"title": "Hot Shots Golf: Out of Bounds"}, {"title": "Lost Planet: Extreme Condition"}, {"title": "Dynasty Warriors 6"}, {"title": "Devil May Cry 4"}, {"title": "PixelJunk Monsters"}, {"title": "Snakeball"}, {"title": "Toy Home"}, {"title": "MX vs. ATV: Untamed"}, {"title": "Bladestorm: The Hundred Years War"}, {"title": "LEGO Star Wars: The Complete Saga"}, {"title": "Cars: Mater-National Championship"}, {"title": "Ratatouille"}, {"title": "The Elder Scrolls IV: Oblivion"}, {"title": "GO! Sports Ski"}, {"title": "LocoRoco Cocoreccho!"}, {"title": "High Stakes on the Vegas Strip: Poker Edition"}, {"title": "Super Puzzle Fighter II Turbo HD Remix"}, {"title": "Piyotama"}, {"title": "Hot Shots Tennis"}, {"title": "Ninja Gaiden Sigma"}, {"title": "Super Stardust HD"}, {"title": "The Darkness"}, {"title": "Pirates of the Caribbean: At World\u2019s End"}, {"title": "F.E.A.R. (Campaign Mode)"}, {"title": "God of War II"}, {"title": "Rogue Galaxy"}, {"title": "Siren"}, {"title": "Arc the Lad: Twilight of the Spirits"}, {"title": "Primal"}, {"title": "Dark Cloud 2"}, {"title": "Star Wars: Bounty Hunter"}, {"title": "Red Faction II"}, {"title": "Ape Escape 2"}, {"title": "Wild ARMs 3"}, {"title": "Star Wars: Jedi Starfighter"}, {"title": "Star Wars: Racer Revenge"}, {"title": "Worms World Party"}, {"title": "Kinetica"}, {"title": "Okage: Shadow King"}, {"title": "Dark Cloud"}, {"title": "Red Faction"}, {"title": "FantaVision"}, {"title": "Worms Armageddon"}, {"title": "Ape Escape"}, {"title": "Syphon Filter"}, {"title": "I.Q. Intelligent Qube"}]