{"games":[{"Title_game":"Destiny 2 Lightfall"},{"Title_game":"Destiny 2 Lightfall + Annual Pass"},{"Title_game":"SKULL AND BONES&#x2122; PREMIUM EDITION"},{"Title_game":"SKULL AND BONES&#x2122;"},{"Title_game":"EA SPORTS&#x2122; FIFA 23 Standard Edition"},{"Title_game":"EA SPORTS&#x2122; FIFA 23 Ultimate Edition"},{"Title_game":"Tri6 Infinite"},{"Title_game":"Are You Smarter than a 5th Grader?"},{"Title_game":"Yars Recharged"},{"Title_game":"Saints Row"},{"Title_game":"Strange Brigade Deluxe Edition"},{"Title_game":"Strange Brigade"},{"Title_game":"Outbreak Shades of Horror Playable Teaser"},{"Title_game":"Calico"},{"Title_game":"The Forgotten City"},{"Title_game":"Neighbours back From Hell"},{"Title_game":"Phoenix Point Complete Edition"},{"Title_game":"Madden NFL 22 MVP Edition"},{"Title_game":"DC League of Super-Pets The Adventures of Krypto &amp; Ace"},{"Title_game":"Valiant Hearts The Great War "},{"Title_game":"Time on Frog Island"},{"Title_game":"Far Cry  3 Blood Dragon Classic Edition"},{"Title_game":"Five Nights at Freddy&apos;s Security Breach"},{"Title_game":"Centipede Recharged"},{"Title_game":"Roguebook"},{"Title_game":"Those Who Remain"},{"Title_game":"Worms W.M.D"},{"Title_game":"Rabbids Party of Legends"},{"Title_game":"MY LITTLE PONY A Maretime Bay Adventure"},{"Title_game":"OUTRIDERS WORLDSLAYER EDITION"},{"Title_game":"Zorro The Chronicles"},{"Title_game":"Discovery Tour Viking Age"},{"Title_game":"The Elder Scrolls Online Collection High Isle CE"},{"Title_game":"The Elder Scrolls Online Collection High Isle"},{"Title_game":"DEATHRUN TV"},{"Title_game":"Lake"},{"Title_game":"Deliver Us The Moon"},{"Title_game":"Through the Darkest of Times"},{"Title_game":"Far Cry Primal Apex Edition"},{"Title_game":"Far Cry Primal"},{"Title_game":"Cities Skylines - New Player Bundle"},{"Title_game":"Cities Skylines - Collection"},{"Title_game":"Cities Skylines - Stadia&#x2122; Edition"},{"Title_game":"Elemental War 2"},{"Title_game":"Overcooked! All You Can Eat"},{"Title_game":"Lumote The Mastermote Chronicles"},{"Title_game":"Assassin&apos;s Creed Valhalla Complete Edition"},{"Title_game":"Assassin&apos;s Creed Valhalla Ragnar&#xF6;k Edition"},{"Title_game":"House of the Dead - Remake"},{"Title_game":"Golf With Your Friends"},{"Title_game":"World War Z Aftermath"},{"Title_game":"City Legends - The Curse of the Crimson Shadow CE"},{"Title_game":"Adventure Time Pirates of the Enchiridion"},{"Title_game":"TRIVIAL PURSUIT Live! 2"},{"Title_game":"Mad Streets"},{"Title_game":"Tom Clancy&apos;s Rainbow Six  Siege Deluxe Edition"},{"Title_game":"Tom Clancy&apos;s Rainbow Six  Siege Ultimate Edition"},{"Title_game":"Tom Clancy&apos;s Rainbow Six  Siege Operator Edition"},{"Title_game":"Ryan&apos;s Rescue Squad"},{"Title_game":"Dawn of the Monsters"},{"Title_game":"Adam Wolfe"},{"Title_game":"Race With Ryan Road Trip Deluxe Edition"},{"Title_game":"Assassin&apos;s Creed Valhalla Complete Edition"},{"Title_game":"Destiny 2 The Witch Queen Deluxe Edition"},{"Title_game":"Chorus Demo"},{"Title_game":"MY HERO ONE&apos;S JUSTICE 2 for STADIA&#x2122;"},{"Title_game":"DYNASTY WARRIORS 9 Empires"},{"Title_game":"DYNASTY WARRIORS 9 Empires - Deluxe Edition"},{"Title_game":"Tom Clancy&apos;s Rainbow Six Siege Ultimate Edition"},{"Title_game":"DIRT 5 Year One Edition"},{"Title_game":"Life is Strange Before the Storm Remastered"},{"Title_game":"Life is Strange Remastered"},{"Title_game":"MotoGP&#x2122;21"},{"Title_game":"Fast and Furious Spy Racers Rise of SH1FT3R"},{"Title_game":"Trollhunters Defenders of Arcadia"},{"Title_game":"RAINBOW SIX EXTRACTION"},{"Title_game":"RAINBOW SIX EXTRACTION Deluxe Edition"},{"Title_game":"RAINBOW SIX EXTRACTION"},{"Title_game":"Tom Clancy&apos;s Rainbow Six  Extraction United Bundle"},{"Title_game":"Destiny 2 Legacy Collection"},{"Title_game":"RIDERS REPUBLIC DELUXE EDITION"},{"Title_game":"FAR CRY 6 DELUXE EDITION"},{"Title_game":"The Jackbox Party Pack 6"},{"Title_game":"Super Animal Royale"},{"Title_game":"One Hand Clapping"},{"Title_game":"Assassin&#x2019;s Creed Liberation HD"},{"Title_game":"Assassin&apos;s Creed III Remastered"},{"Title_game":"MONOPOLY  Madness"},{"Title_game":"MONOPOLY + MONOPOLY Madness"},{"Title_game":"Nine to Five"},{"Title_game":"The Jackbox Party Pack 7"},{"Title_game":"Chicken Police - Paint it RED!"},{"Title_game":"Chorus"},{"Title_game":"Wreckfest"},{"Title_game":"Blaze and the Monster Machines Axle City Racers"},{"Title_game":"TRANSFORMERS BATTLEGROUNDS - Complete Edition"},{"Title_game":"Hunting Simulator 2 Elite Edition"},{"Title_game":"Rayman Legends"},{"Title_game":"Farming Simulator 22"},{"Title_game":"The Jackbox Party Pack 8"},{"Title_game":"Wavetale"},{"Title_game":"Just Dance  2022"},{"Title_game":"Saints Row IV Re-Elected"},{"Title_game":"PJ MASKS HEROES OF THE NIGHT"},{"Title_game":"Riders Republic Ultimate Edition"},{"Title_game":"Riders Republic&#x2122; Ultimate - Ubisoft + Edition"},{"Title_game":"Riders Republic"},{"Title_game":"Riders Republic Gold Edition"},{"Title_game":"DRAGON BALL Z KAKAROT Deluxe Edition"},{"Title_game":"DRAGON BALL Z KAKAROT Ultimate Edition"},{"Title_game":"DRAGON BALL Z KAKAROT"},{"Title_game":"Hello Engineer"},{"Title_game":"My Friend Peppa Pig"},{"Title_game":"Ben 10 Power Trip"},{"Title_game":"Child of Light - Ultimate Edition"},{"Title_game":"Heist Simulator Early Access"},{"Title_game":"Child of Light - Standard Edition"},{"Title_game":"Far Cry 6 Ultimate Edition"},{"Title_game":"FAR CRY 6"},{"Title_game":"FAR CRY 6 Gold Edition"},{"Title_game":"Assassin&apos;s Creed Rogue Remastered"},{"Title_game":"The Falconeer"},{"Title_game":"The Falconeer Warrior Edition"},{"Title_game":"The Addams Family Mansion Mayhem"},{"Title_game":"Mafia III Definitive Edition"},{"Title_game":"DreamWorks Spirit Lucky&apos;s Big Adventure"},{"Title_game":"FIFA 22 Ultimate Edition"},{"Title_game":"Tom Clancy&apos;s Ghost Recon  Breakpoint Deluxe Edition"},{"Title_game":"Tom Clancy&apos;s Ghost Recon  Breakpoint Ultimate Edition"},{"Title_game":"FIFA 22"},{"Title_game":"Watch Dogs Legion - Deluxe Edition"},{"Title_game":"Merek&apos;s Market"},{"Title_game":"Assassin&apos;s Creed Black Flag"},{"Title_game":"Assassin&apos;s Creed Black Flag Gold Edition"},{"Title_game":"Darksiders III"},{"Title_game":"Life is Strange True Colors"},{"Title_game":"Life is Strange True Colors - Deluxe Edition"},{"Title_game":"Darkwood"},{"Title_game":"Katamari Damacy REROLL"},{"Title_game":"Dead by Daylight Silent Hill Edition"},{"Title_game":"Darksiders II Deathinitive Edition"},{"Title_game":"ARK Survival Evolved"},{"Title_game":"HUMANKIND&#x2122; - Digital Deluxe Edition"},{"Title_game":"HUMANKIND&#x2122;"},{"Title_game":"Young Souls"},{"Title_game":"Marvel&apos;s Avengers Endgame Edition"},{"Title_game":"Madden NFL 22"},{"Title_game":"Ice Age Scrat&apos;s Nutty Adventure"},{"Title_game":"DreamWorks Dragons Dawn of New Riders"},{"Title_game":"Gigantosaurus The Game"},{"Title_game":"PAW Patrol Mighty Pups Save Adventure Bay"},{"Title_game":"PAW Patrol The Movie Adventure City Calls"},{"Title_game":"FORECLOSED"},{"Title_game":"Assassin&apos;s Creed  Valhalla Deluxe Edition"},{"Title_game":"GRIME"},{"Title_game":"Control Ultimate Edition"},{"Title_game":"ONE PIECE World Seeker Premium Edition"},{"Title_game":"Cris Tales"},{"Title_game":"Streets of Rage 4"},{"Title_game":"The Crew 2 Special Edition"},{"Title_game":"The Crew 2 Gold Edition"},{"Title_game":"Bloodstained Ritual of the Night"},{"Title_game":"Ys IX Monstrum Nox Digital Ultimate Edition"},{"Title_game":"Ys IX Monstrum Nox"},{"Title_game":"Ys IX Monstrum Nox Digital Deluxe Edition"},{"Title_game":"Moonlighter"},{"Title_game":"Tom Clancy&apos;s Rainbow Six Siege"},{"Title_game":"Olympic Games Tokyo 2020 &#x2013; The Official Video Game&#x2122;"},{"Title_game":"Dead by Daylight ULTIMATE EDITION"},{"Title_game":"Blue Fire"},{"Title_game":"Power Rangers Battle for the Grid Super Edition"},{"Title_game":"Hundred Days - Winemaking Simulator"},{"Title_game":"Street Power Football"},{"Title_game":"Resident Evil Village"},{"Title_game":"Resident Evil Village Gameplay Demo"},{"Title_game":"Legend of Keepers Career of a Dungeon Manager"},{"Title_game":"Judgment"},{"Title_game":"The Darkside Detective A Fumble in the Dark"},{"Title_game":"FLOOR KIDS"},{"Title_game":"The Legend of Heroes Trails of Cold Steel IV"},{"Title_game":"Trails of Cold Steel IV Digital Deluxe Edition"},{"Title_game":"The Darkside Detective"},{"Title_game":"OUTRIDERS"},{"Title_game":"Ys VIII Lacrimosa of DANA"},{"Title_game":"Cosmic Star Heroine"},{"Title_game":"Kemono Heroes"},{"Title_game":"Trails of Cold Steel III Digital Limited Edition"},{"Title_game":"The Legend of Heroes Trails of Cold Steel III"},{"Title_game":"Resident Evil 7 biohazard Gold Edition"},{"Title_game":"Nanotale - Typing Chronicles"},{"Title_game":"Disco Elysium - The Final Cut"},{"Title_game":"HITMAN - Starter Pack"},{"Title_game":"Trine 4 The Nightmare Prince"},{"Title_game":"Killer Queen Black"},{"Title_game":"Kaze and the Wild Masks"},{"Title_game":"DIRT 5"},{"Title_game":"Murder by Numbers"},{"Title_game":"DOOM Eternal The Ancient Gods - Part Two (Standalone)"},{"Title_game":"Terraria"},{"Title_game":"UNO  Ultimate Edition"},{"Title_game":"FIFA 21 Champions Edition"},{"Title_game":"FIFA 21 Ultimate Edition"},{"Title_game":"FIFA 21"},{"Title_game":"DRAGON QUEST XI S Echoes of an Elusive Age"},{"Title_game":"Monster Energy Supercross - The Official Videogame 4"},{"Title_game":"Saints Row  The Third&#x2122; - Remastered"},{"Title_game":"It Came From Space And Ate Our Brains"},{"Title_game":"Monster Jam Steel Titans 2"},{"Title_game":"AVICII Invector"},{"Title_game":"PixelJunk Raiders"},{"Title_game":"Hellpoint"},{"Title_game":"Shantae Risky&apos;s Revenge - Director&apos;s Cut"},{"Title_game":"Welcome to Elk"},{"Title_game":"Shantae Half - Genie Hero Ultimate Edition"},{"Title_game":"A Place for the Unwilling"},{"Title_game":"Little Nightmares II"},{"Title_game":"PIKUNIKU"},{"Title_game":"Epistory - Typing Chronicles"},{"Title_game":"Gods Will Fall"},{"Title_game":"Gods Will Fall - Valiant Edition"},{"Title_game":"Journey to the Savage Planet"},{"Title_game":"Madden NFL 21"},{"Title_game":"TOHU"},{"Title_game":"Madden NFL 21 Superstar Edition"},{"Title_game":"Phoenix Point"},{"Title_game":"HITMAN 3 - Deluxe Edition"},{"Title_game":"HITMAN 3 - Standard Edition"},{"Title_game":"Scott Pilgrim vs. The World&#x2122; - Complete Edition"},{"Title_game":"Enter The Gungeon"},{"Title_game":"Lara Croft and the Guardian of Light"},{"Title_game":"Cthulhu Saves Christmas"},{"Title_game":"Reigns"},{"Title_game":"Assassin&apos;s Creed Origins - DELUXE EDITION"},{"Title_game":"Assassin&apos;s Creed Syndicate"},{"Title_game":"Assassin&apos;s Creed Syndicate Gold Edition"},{"Title_game":"Assassin&apos;s Creed Origins"},{"Title_game":"Assassin&apos;s Creed Origins - GOLD EDITION"},{"Title_game":"Assassin&apos;s Creed Unity"},{"Title_game":"Watch Dogs Legion - Ultimate Edition Ubisoft+"},{"Title_game":"Watch_Dogs  2"},{"Title_game":"Cyberpunk 2077"},{"Title_game":"Unto The End"},{"Title_game":"WATCH_DOGS 2 ULTIMATE EDITION"},{"Title_game":"WATCH_DOGS COMPLETE EDITION"},{"Title_game":"WATCH_DOGS STANDARD EDITION"},{"Title_game":"Destroy All Humans!"},{"Title_game":"Figment"},{"Title_game":"Valkyria Chronicles 4 Complete Edition"},{"Title_game":"SpongeBobSquarePants:Battle for Bikini BottomRehydrated"},{"Title_game":"El Hijo - A Wild West Tale"},{"Title_game":"Outcasters"},{"Title_game":"PHOGS!"},{"Title_game":"Submerged Hidden Depths"},{"Title_game":"Immortals Fenyx Rising&#x2122; Stadia"},{"Title_game":"Immortals Fenyx Rising&#x2122; Gold Edition Stadia"},{"Title_game":"EVERSPACE&#x2122;"},{"Title_game":"Into the Breach"},{"Title_game":"Chronos Before the Ashes"},{"Title_game":"Secret Neighbor"},{"Title_game":"Monster Jam Steel Titans"},{"Title_game":"Outward"},{"Title_game":"STAR WARS Jedi Fallen Order&#x2122;"},{"Title_game":"STAR WARS Jedi Fallen Order&#x2122; Deluxe Edition"},{"Title_game":"Tom Clancy&#x2019;s Ghost Recon Wildlands - Standard Edition"},{"Title_game":"Watch Dogs Legion - Gold Edition"},{"Title_game":"Ghost Recon Wildlands Ultimate Stadia Edition"},{"Title_game":"Watch Dogs Legion - Ultimate Edition"},{"Title_game":"Watch Dogs Legion"},{"Title_game":"Mortal Kombat&#xA0;11 Ultimate"},{"Title_game":"PAC-MAN&#x2122; Mega Tunnel Battle"},{"Title_game":"Farming Simulator 19 Premium Edition"},{"Title_game":"Just Dance  2021"},{"Title_game":"Assassin&apos;s Creed Valhalla"},{"Title_game":"Borderlands 3 Ultimate Edition"},{"Title_game":"Little Big Workshop"},{"Title_game":"Ary and the Secret of Seasons"},{"Title_game":"Far Cry  New Dawn"},{"Title_game":"Far Cry 5 Ultimate Edition"},{"Title_game":"Far Cry 5"},{"Title_game":"Far Cry  New Dawn Deluxe Edition"},{"Title_game":"Sniper Elite 4 Deluxe Edition"},{"Title_game":"Sniper Elite 4"},{"Title_game":"Hello Neighbor Hide and Seek"},{"Title_game":"The Gardens Between"},{"Title_game":"Sekiro&#x2122; Shadows Die Twice"},{"Title_game":"Immortals Fenyx Rising&#x2122; Demo"},{"Title_game":"DOOM Eternal The Ancient Gods - Part One (Standalone)"},{"Title_game":"DOOM Eternal Year One Pass (Standalone)"},{"Title_game":"Cake Bash"},{"Title_game":"Baldur&apos;s Gate 3 Early Access"},{"Title_game":"Human Fall Flat Stadia Edition"},{"Title_game":"Dead by Daylight"},{"Title_game":"Risk of Rain 2"},{"Title_game":"Serious Sam 4"},{"Title_game":"Hotline Miami"},{"Title_game":"Hotline Miami 2:Wrong Number"},{"Title_game":"WWE 2K Battlegrounds Digital Deluxe Edition"},{"Title_game":"WWE 2K Battlegrounds"},{"Title_game":"UNO "},{"Title_game":"R&#xE9;publique"},{"Title_game":"NBA 2K21 Mamba Forever Edition"},{"Title_game":"NBA 2K21"},{"Title_game":"Marvel&apos;s Avengers"},{"Title_game":"Hello Neighbor"},{"Title_game":"HITMAN - The Complete First Season"},{"Title_game":"HITMAN - Game of The Year Edition"},{"Title_game":"HITMAN 2"},{"Title_game":"HITMAN&#xA0;2 - Gold Edition"},{"Title_game":"HITMAN - World of Assassination"},{"Title_game":"SUPER BOMBERMAN R ONLINE"},{"Title_game":"Gunsport"},{"Title_game":"Windbound"},{"Title_game":"Spiritfarer Farewell Edition"},{"Title_game":"PGA TOUR 2K21 Digital Deluxe"},{"Title_game":"PGA TOUR 2K21"},{"Title_game":"SUPERHOT MIND CONTROL DELETE"},{"Title_game":"DOOM"},{"Title_game":"Rock of Ages 3 Make &amp; Break"},{"Title_game":"Relicta"},{"Title_game":"Kona"},{"Title_game":"Celeste"},{"Title_game":"Lara Croft and the Temple of Osiris"},{"Title_game":"Orcs Must Die! 3"},{"Title_game":"F1  2020"},{"Title_game":"F1  2020 Deluxe Schumacher Edition"},{"Title_game":"Crayta"},{"Title_game":"West of Loathing"},{"Title_game":"Monster Boy and the Cursed Kingdom"},{"Title_game":"Just Shapes &amp; Beats"},{"Title_game":"Metro 2033 Redux"},{"Title_game":"Metro Last Light Redux"},{"Title_game":"Wave Break"},{"Title_game":"The Elder Scrolls Online Standard Edition"},{"Title_game":"The Elder Scrolls Online Tamriel Unlimited"},{"Title_game":"Panzer Dragoon Remake"},{"Title_game":"SUPERHOT"},{"Title_game":"Little Nightmares"},{"Title_game":"Little Nightmares Complete Edition"},{"Title_game":"Power Rangers Battle for the Grid"},{"Title_game":"Power Rangers Battle for the Grid Collector&apos;s Edition"},{"Title_game":"Sundered Eldritch Edition"},{"Title_game":"Jotun Valhalla Edition"},{"Title_game":"Embr"},{"Title_game":"DOOM 64"},{"Title_game":"Zombie Army 4 Dead War"},{"Title_game":"The Turing Test"},{"Title_game":"OCTOPATH TRAVELER&#x2122;"},{"Title_game":"Monopoly"},{"Title_game":"Get Packed Fully Loaded"},{"Title_game":"PUBG BATTLEGROUNDS"},{"Title_game":"MotoGP&#x2122;20"},{"Title_game":"Stacks On Stacks (On Stacks)"},{"Title_game":"Lost Words Beyond the Page"},{"Title_game":"The Crew 2"},{"Title_game":"DOOM Eternal Deluxe Edition"},{"Title_game":"DOOM Eternal Standard Edition"},{"Title_game":"DOOM Eternal (BATTLEMODE)"},{"Title_game":"The Division 2 - Warlords of New York Edition"},{"Title_game":"The Division 2 - Standard Edition"},{"Title_game":"The Division 2 Warlords of New York Ultimate Edition"},{"Title_game":"SteamWorld Dig"},{"Title_game":"SteamWorld Heist"},{"Title_game":"Serious Sam Collection"},{"Title_game":"SteamWorld Quest Hand of Gilgamech"},{"Title_game":"SteamWorld Dig 2"},{"Title_game":"Spitlings"},{"Title_game":"Monster Energy Supercross - The Official Videogame 3"},{"Title_game":"Tom Clancy&apos;s Ghost Recon Breakpoint - Gold Edition"},{"Title_game":"Tom Clancy&apos;s Ghost Recon Breakpoint"},{"Title_game":"DRAGON BALL XENOVERSE 2"},{"Title_game":"Borderlands 3 Super Deluxe Edition"},{"Title_game":"Borderlands 3"},{"Title_game":"Darksiders Genesis"},{"Title_game":"A.O.T. 2 Final Battle"},{"Title_game":"Red Dead Redemption 2"},{"Title_game":"Rise of the Tomb Raider 20 Year Celebration"},{"Title_game":"Mortal Kombat&#xA0;11"},{"Title_game":"Wolfenstein Youngblood (German Version)"},{"Title_game":"Farming Simulator 19"},{"Title_game":"Shadow of the Tomb Raider Definitive Edition"},{"Title_game":"Kine"},{"Title_game":"SAMURAI SHODOWN (Standard Ver.)"},{"Title_game":"RAGE 2"},{"Title_game":"GRID"},{"Title_game":"Thumper"},{"Title_game":"Assassin&apos;s Creed Odyssey"},{"Title_game":"RAGE 2 Deluxe Edition"},{"Title_game":"GRID Ultimate Edition"},{"Title_game":"Destiny 2"},{"Title_game":"Wolfenstein Youngblood"},{"Title_game":"Assassin&apos;s Creed Odyssey - Stadia Ultimate Edition"},{"Title_game":"FINAL FANTASY XV"},{"Title_game":"Red Dead Redemption 2  Ultimate Edition"},{"Title_game":"Farming Simulator 19 Platinum Edition"},{"Title_game":"Trials Rising - Digital Gold Edition"},{"Title_game":"Tomb Raider Definitive Edition"},{"Title_game":"NBA 2K20"},{"Title_game":"GYLT"},{"Title_game":"NBA 2K20 Digital Deluxe"},{"Title_game":"NBA 2K20 Legend Edition"},{"Title_game":"Trials Rising"},{"Title_game":"Metro Exodus - Gold Edition"},{"Title_game":"Metro Exodus"}]}
