{"games":[{"Title_game":"Tri6 Infinite"},{"Title_game":"Yars Recharged"},{"Title_game":"Calico"},{"Title_game":"Time on Frog Island"},{"Title_game":"Five Nights at Freddy&apos;s Security Breach"},{"Title_game":"Centipede Recharged"},{"Title_game":"Roguebook"},{"Title_game":"Those Who Remain"},{"Title_game":"Worms W.M.D"},{"Title_game":"DEATHRUN TV"},{"Title_game":"Lake"},{"Title_game":"Deliver Us The Moon"},{"Title_game":"Through the Darkest of Times"},{"Title_game":"Cities Skylines - Stadia&#x2122; Edition"},{"Title_game":"Overcooked! All You Can Eat"},{"Title_game":"Lumote The Mastermote Chronicles"},{"Title_game":"Golf With Your Friends"},{"Title_game":"World War Z Aftermath"},{"Title_game":"City Legends - The Curse of the Crimson Shadow CE"},{"Title_game":"Race With Ryan Road Trip Deluxe Edition"},{"Title_game":"Fast and Furious Spy Racers Rise of SH1FT3R"},{"Title_game":"Chicken Police - Paint it RED!"},{"Title_game":"Wreckfest"},{"Title_game":"Wavetale"},{"Title_game":"Saints Row IV Re-Elected"},{"Title_game":"PJ MASKS HEROES OF THE NIGHT"},{"Title_game":"Ben 10 Power Trip"},{"Title_game":"Merek&apos;s Market"},{"Title_game":"ARK Survival Evolved"},{"Title_game":"PAW Patrol The Movie Adventure City Calls"},{"Title_game":"Control Ultimate Edition"},{"Title_game":"Bloodstained Ritual of the Night"},{"Title_game":"Ys IX Monstrum Nox"},{"Title_game":"Hundred Days - Winemaking Simulator"},{"Title_game":"OUTRIDERS"},{"Title_game":"Kaze and the Wild Masks"},{"Title_game":"Murder by Numbers"},{"Title_game":"Terraria"},{"Title_game":"Saints Row  The Third&#x2122; - Remastered"},{"Title_game":"Monster Jam Steel Titans 2"},{"Title_game":"PixelJunk Raiders"},{"Title_game":"Welcome to Elk"},{"Title_game":"Shantae Half - Genie Hero Ultimate Edition"},{"Title_game":"Journey to the Savage Planet"},{"Title_game":"TOHU"},{"Title_game":"Destroy All Humans!"},{"Title_game":"PHOGS!"},{"Title_game":"Cake Bash"},{"Title_game":"HITMAN - The Complete First Season"},{"Title_game":"Spiritfarer Farewell Edition"}]}
