{"games":[{"Title_game":"A Memoir Blue"},{"Title_game":"A Plague Tale Innocence"},{"Title_game":"AI THE SOMNIUM FILES"},{"Title_game":"ANVIL  Vault Breaker (Game Preview)"},{"Title_game":"ARK Ultimate Survivor Edition"},{"Title_game":"ASTRONEER"},{"Title_game":"Aliens Fireteam Elite"},{"Title_game":"Among Us"},{"Title_game":"Aragami 2"},{"Title_game":"Archvale"},{"Title_game":"Astria Ascending"},{"Title_game":"Atomicrops"},{"Title_game":"BLiNX The Time Sweeper"},{"Title_game":"Back 4 Blood"},{"Title_game":"Backbone"},{"Title_game":"Banjo Kazooie N n B"},{"Title_game":"Banjo-Kazooie"},{"Title_game":"Banjo-Tooie"},{"Title_game":"Bassmaster Fishing 2022"},{"Title_game":"Batman Arkham Knight"},{"Title_game":"Battlefield 4"},{"Title_game":"Battlefield 1 Revolution"},{"Title_game":"Battlefield V"},{"Title_game":"Battletoads"},{"Title_game":"Before We Leave"},{"Title_game":"Ben 10 Power Trip"},{"Title_game":"Besiege Console (Game Preview)"},{"Title_game":"Black Desert"},{"Title_game":"Bleeding Edge"},{"Title_game":"Bloodroots"},{"Title_game":"Boyfriend Dungeon"},{"Title_game":"Breathedge"},{"Title_game":"Bridge Constructor Portal"},{"Title_game":"Broken Age"},{"Title_game":"Bug Fables The Everlasting Sapling"},{"Title_game":"Carrion"},{"Title_game":"Children of Morta"},{"Title_game":"Chinatown Detective Agency"},{"Title_game":"Cities Skylines - Xbox One Edition"},{"Title_game":"ClusterTruck"},{"Title_game":"Conan Exiles"},{"Title_game":"Contrast"},{"Title_game":"Crackdown 3"},{"Title_game":"Craftopia"},{"Title_game":"Cricket 19"},{"Title_game":"Cricket 22"},{"Title_game":"Crimson Skies High Road to Revenge"},{"Title_game":"Cris Tales"},{"Title_game":"CrossfireX Operation Catalyst"},{"Title_game":"Crown Trick"},{"Title_game":"Crusader Kings III"},{"Title_game":"Curse of the Dead Gods"},{"Title_game":"DEEEER Simulator Your Average Everyday Deer Game"},{"Title_game":"DIRT 5"},{"Title_game":"DOOM"},{"Title_game":"DOOM (1993)"},{"Title_game":"DOOM 3"},{"Title_game":"DOOM 64"},{"Title_game":"DOOM Eternal Standard Edition"},{"Title_game":"DOOM II (Classic)"},{"Title_game":"DRAGON BALL FIGHTERZ"},{"Title_game":"DRAGON QUEST BUILDERS 2"},{"Title_game":"DRAGON QUEST XI S Echoes of an Elusive Age - Definitive Edition"},{"Title_game":"Dandy Ace"},{"Title_game":"Danganronpa Trigger Happy Havoc Anniversary Edition"},{"Title_game":"Dark Alliance"},{"Title_game":"Darkest Dungeon"},{"Title_game":"DayZ"},{"Title_game":"Dead Cells"},{"Title_game":"Dead Space"},{"Title_game":"Dead by Daylight"},{"Title_game":"Death&apos;s Door [Xbox]"},{"Title_game":"Deep Rock Galactic"},{"Title_game":"Descenders"},{"Title_game":"Destroy All Humans!"},{"Title_game":"Dicey Dungeons"},{"Title_game":"Dishonored 2"},{"Title_game":"Dishonored Definitive Edition"},{"Title_game":"Dishonored Death of the Outsider"},{"Title_game":"Disneyland Adventures"},{"Title_game":"Dodgeball Academia"},{"Title_game":"Donut County"},{"Title_game":"Double Dragon Neon"},{"Title_game":"Dragon Age Origins"},{"Title_game":"Dragon Age 2"},{"Title_game":"Dragon Age Inquisition"},{"Title_game":"Dreamscaper"},{"Title_game":"Echo Generation"},{"Title_game":"Edge of Eternity"},{"Title_game":"Elite Dangerous Standard Edition"},{"Title_game":"Embr"},{"Title_game":"Empire of Sin"},{"Title_game":"Enter The Gungeon"},{"Title_game":"Evil Genius 2 World Domination"},{"Title_game":"Exo One"},{"Title_game":"F1 2019"},{"Title_game":"FAR Changing Tides"},{"Title_game":"FOR HONOR Standard Edition"},{"Title_game":"Fable Anniversary"},{"Title_game":"Fable II"},{"Title_game":"Fable III"},{"Title_game":"Fae Tactics"},{"Title_game":"Fallout 3"},{"Title_game":"Fallout 4"},{"Title_game":"Fallout 76"},{"Title_game":"Fallout New Vegas"},{"Title_game":"Farming Simulator 19"},{"Title_game":"Firewatch"},{"Title_game":"Flynn Son of Crimson"},{"Title_game":"Football Manager 2022 Xbox Edition"},{"Title_game":"Forager"},{"Title_game":"Forza Horizon 4 Standard Edition"},{"Title_game":"Forza Horizon 5 Standard Edition"},{"Title_game":"Frostpunk Console Edition"},{"Title_game":"Fuzion Frenzy"},{"Title_game":"Gang Beasts"},{"Title_game":"Gears 5 Game of the Year Edition"},{"Title_game":"Gears Tactics"},{"Title_game":"Gears of War 2"},{"Title_game":"Gears of War 3"},{"Title_game":"Gears of War 4"},{"Title_game":"Gears of War Judgment"},{"Title_game":"Gears of War Ultimate Edition"},{"Title_game":"Generation Zero"},{"Title_game":"Genesis Noir"},{"Title_game":"Goat Simulator"},{"Title_game":"Going Under"},{"Title_game":"Golf With Your Friends"},{"Title_game":"Gorogoa"},{"Title_game":"Grand Theft Auto San Andreas &#x2013; The Definitive Edition"},{"Title_game":"GreedFall"},{"Title_game":"Grounded - Game Preview"},{"Title_game":"HITMAN Trilogy"},{"Title_game":"Hades"},{"Title_game":"Halo 5 Guardians"},{"Title_game":"Halo Infinite (Campaign)"},{"Title_game":"Halo Wars 2 Standard Edition"},{"Title_game":"Halo Wars Definitive Edition"},{"Title_game":"Halo Spartan Assault"},{"Title_game":"Halo The Master Chief Collection"},{"Title_game":"Hellblade Senua&apos;s Sacrifice"},{"Title_game":"Hollow Knight Voidheart Edition"},{"Title_game":"Human Fall Flat"},{"Title_game":"I Am Fish"},{"Title_game":"Immortal Realms Vampire Wars"},{"Title_game":"Infernax"},{"Title_game":"Injustice 2"},{"Title_game":"Into the Pit"},{"Title_game":"It Takes Two - Digital Version"},{"Title_game":"Jetpac Refuelled"},{"Title_game":"Joy Ride Turbo"},{"Title_game":"Jurassic World Evolution"},{"Title_game":"Just Cause 4 Reloaded"},{"Title_game":"Kameo"},{"Title_game":"Katamari Damacy REROLL"},{"Title_game":"Kentucky Route Zero TV Edition"},{"Title_game":"Kill It With Fire"},{"Title_game":"Killer Instinct Definitive Edition"},{"Title_game":"Kraken Academy!!"},{"Title_game":"LIMBO"},{"Title_game":"LUMINES REMASTERED"},{"Title_game":"Lake"},{"Title_game":"Last Stop"},{"Title_game":"Lawn Mowing Simulator"},{"Title_game":"Lemnis Gate"},{"Title_game":"Lethal League Blaze"},{"Title_game":"Library Of Ruina"},{"Title_game":"Life is Strange True Colors"},{"Title_game":"Lonely Mountains Downhill"},{"Title_game":"Lost Words Beyond the Page"},{"Title_game":"Lost in Random"},{"Title_game":"MLB The Show 21 Xbox Series X | S"},{"Title_game":"MLB The Show 22 Xbox Series X | S"},{"Title_game":"Maneater"},{"Title_game":"Marvel&apos;s Avengers"},{"Title_game":"Marvel&apos;s Guardians of the Galaxy"},{"Title_game":"Mass Effect Legendary Edition"},{"Title_game":"Mass Effect Andromeda"},{"Title_game":"MechWarrior 5 Mercenaries"},{"Title_game":"Microsoft Flight Simulator Standard Game of the Year Edition"},{"Title_game":"Middle-earth Shadow of War"},{"Title_game":"Mighty Goose"},{"Title_game":"Mind Scanners"},{"Title_game":"Minecraft Dungeons"},{"Title_game":"Mirror&apos;s Edge Catalyst"},{"Title_game":"Monster Sanctuary"},{"Title_game":"Monster Train"},{"Title_game":"Moonglow Bay"},{"Title_game":"Moonlighter"},{"Title_game":"Mortal Kombat 11"},{"Title_game":"Mortal Shell Enhanced Edition"},{"Title_game":"MotoGP20"},{"Title_game":"My Friend Pedro"},{"Title_game":"My Time At Portia"},{"Title_game":"Myst"},{"Title_game":"Need for Speed Heat"},{"Title_game":"Neon Abyss"},{"Title_game":"Neoverse"},{"Title_game":"New Super Lucky&apos;s Tale"},{"Title_game":"Next Space Rebels"},{"Title_game":"No Man&apos;s Sky"},{"Title_game":"Nobody Saves the World"},{"Title_game":"Nongunz Doppelganger Edition"},{"Title_game":"Nuclear Throne"},{"Title_game":"OCTOPATH TRAVELER"},{"Title_game":"ONE PIECE PIRATE WARRIORS 4"},{"Title_game":"OUTRIDERS"},{"Title_game":"Oblivion"},{"Title_game":"Olija"},{"Title_game":"Omno"},{"Title_game":"One Step From Eden"},{"Title_game":"Ori and the Blind Forest Definitive Edition"},{"Title_game":"Ori and the Will of the Wisps"},{"Title_game":"Outer Wilds"},{"Title_game":"Outlast 2"},{"Title_game":"Overcooked! 2"},{"Title_game":"PAW Patrol Mighty Pups Save Adventure Bay"},{"Title_game":"Paradise Killer"},{"Title_game":"Peggle 2"},{"Title_game":"Perfect Dark"},{"Title_game":"Perfect Dark Zero"},{"Title_game":"Phoenix Point"},{"Title_game":"Pikuniku"},{"Title_game":"Pillars of Eternity II Deadfire - Ultimate Edition"},{"Title_game":"Pillars of Eternity Complete Edition"},{"Title_game":"Plants vs. Zombies Garden Warfare"},{"Title_game":"Plants vs. Zombies Battle for Neighborville"},{"Title_game":"Plants vs. Zombies Garden Warfare 2"},{"Title_game":"Power Rangers Battle for the Grid"},{"Title_game":"Prey"},{"Title_game":"Project Wingman"},{"Title_game":"Psychonauts"},{"Title_game":"Psychonauts 2"},{"Title_game":"Pupperazzi"},{"Title_game":"Quake"},{"Title_game":"RAGE"},{"Title_game":"RAGE 2"},{"Title_game":"RESIDENT EVIL 7 biohazard"},{"Title_game":"Race with Ryan"},{"Title_game":"Rain on Your Parade"},{"Title_game":"Raji An Ancient Epi&#x441;"},{"Title_game":"ReCore"},{"Title_game":"Recompile"},{"Title_game":"Record of Lodoss War-Deedlit in Wonder Labyrinth-"},{"Title_game":"Remnant From the Ashes"},{"Title_game":"Ring of Pain"},{"Title_game":"Rubber Bandits"},{"Title_game":"Rush A DisneyPixar Adventure"},{"Title_game":"SCARLET NEXUS"},{"Title_game":"STAR WARS Jedi Fallen Order"},{"Title_game":"STAR WARS Battlefront II"},{"Title_game":"STAR WARS Squadrons"},{"Title_game":"STEEP"},{"Title_game":"SUPERHOT MIND CONTROL DELETE"},{"Title_game":"Sable"},{"Title_game":"Sea of Thieves"},{"Title_game":"Second Extinction (Game Preview)"},{"Title_game":"Secret Neighbor"},{"Title_game":"Serious Sam 4"},{"Title_game":"Shredders"},{"Title_game":"Signs of the Sojourner"},{"Title_game":"Skate 3"},{"Title_game":"SkateBIRD"},{"Title_game":"Skul The Hero Slayer"},{"Title_game":"Slay The Spire"},{"Title_game":"Slime Rancher"},{"Title_game":"Sniper Elite 4"},{"Title_game":"SnowRunner"},{"Title_game":"Space Warlord Organ Trading Simulator"},{"Title_game":"Spelunky 2"},{"Title_game":"Spiritfarer Farewell Edition"},{"Title_game":"Stardew Valley"},{"Title_game":"State of Decay 2 Juggernaut Edition"},{"Title_game":"Stellaris Console Edition"},{"Title_game":"Streets of Rage 4"},{"Title_game":"Subnautica"},{"Title_game":"Subnautica Below Zero"},{"Title_game":"Super Mega Baseball 3"},{"Title_game":"Superliminal"},{"Title_game":"Supraland"},{"Title_game":"Surgeon Simulator 2"},{"Title_game":"TRANSFORMERS BATTLEGROUNDS"},{"Title_game":"TUNIC"},{"Title_game":"Tainted Grail Conquest"},{"Title_game":"Tell Me Why Chapters 1-3"},{"Title_game":"Telling Lies"},{"Title_game":"Terraria"},{"Title_game":"The Anacrusis (Game Preview)"},{"Title_game":"The Artful Escape"},{"Title_game":"The Ascent"},{"Title_game":"The Bard&apos;s Tale ARPG  Remastered and Resnarkled"},{"Title_game":"The Bard&apos;s Tale IV Director&apos;s Cut"},{"Title_game":"The Bard&apos;s Tale Trilogy"},{"Title_game":"The Catch Carp &amp; Coarse Fishing"},{"Title_game":"The Dungeon Of Naheulbeuk The Amulet Of Chaos - Chicken Edition"},{"Title_game":"The Elder Scrolls III Morrowind"},{"Title_game":"The Elder Scrolls V Skyrim Special Edition"},{"Title_game":"The Evil Within"},{"Title_game":"The Evil Within 2"},{"Title_game":"The Forgotten City"},{"Title_game":"The Good Life"},{"Title_game":"The Gunk"},{"Title_game":"The Last Kids on Earth and the Staff of Doom"},{"Title_game":"The Long Dark"},{"Title_game":"The Outer Worlds"},{"Title_game":"The Pedestrian"},{"Title_game":"The Procession to Calvary"},{"Title_game":"The Riftbreaker"},{"Title_game":"The Sims 4"},{"Title_game":"The Walking Dead A New Frontier - The Complete Season (Episodes 1-5)"},{"Title_game":"The Walking Dead Michonne - The Complete Season"},{"Title_game":"The Walking Dead Season Two"},{"Title_game":"The Walking Dead The Complete First Season"},{"Title_game":"The Wild at Heart"},{"Title_game":"Tom Clancy&apos;s Rainbow Six Siege Deluxe Edition"},{"Title_game":"Tom Clancy&#x2019;s Rainbow Six Extraction"},{"Title_game":"Totally Accurate Battle Simulator"},{"Title_game":"Totally Reliable Delivery Service"},{"Title_game":"Townscaper"},{"Title_game":"Trailmakers"},{"Title_game":"Train Sim World 2"},{"Title_game":"Tropico 6"},{"Title_game":"Twelve Minutes"},{"Title_game":"Two Point Hospital"},{"Title_game":"UNSIGHTED"},{"Title_game":"Undertale"},{"Title_game":"Undungeon"},{"Title_game":"Unpacking"},{"Title_game":"Unravel Two"},{"Title_game":"Visage"},{"Title_game":"Viva Pi&#xF1;ata"},{"Title_game":"Viva Pi&#xF1;ata TIP"},{"Title_game":"Warhammer 40,000 Battlesector"},{"Title_game":"Wasteland 2 Director&apos;s Cut"},{"Title_game":"Wasteland 3"},{"Title_game":"Wasteland Remastered"},{"Title_game":"We Happy Few"},{"Title_game":"Weird West"},{"Title_game":"What Remains of Edith Finch"},{"Title_game":"Windjammers 2"},{"Title_game":"Wolfenstein The New Order"},{"Title_game":"Wolfenstein The Old Blood"},{"Title_game":"Wolfenstein Youngblood"},{"Title_game":"Wolfenstein II The New Colossus"},{"Title_game":"World War Z"},{"Title_game":"Worms Rumble"},{"Title_game":"Worms W.M.D"},{"Title_game":"Wreckfest"},{"Title_game":"Yakuza 3 Remastered"},{"Title_game":"Yakuza 4 Remastered"},{"Title_game":"Yakuza 5 Remastered"},{"Title_game":"Yakuza 6 The Song of Life"},{"Title_game":"Yakuza Like a Dragon"},{"Title_game":"Yes, Your Grace"},{"Title_game":"Young Souls"},{"Title_game":"Zero Escape The Nonary Games"},{"Title_game":"Zombie Army 4 Dead War"},{"Title_game":"art of rally"},{"Title_game":"theHunter Call of the Wild"}]}
