[{"title": "7 Days to Die"}, {"title": "A Memoir Blue"}, {"title": "AI THE SOMNIUM FILES"}, {"title": "ANVIL  Vault Breaker"}, {"title": "ARK Ultimate Survivor Edition"}, {"title": "ASTRONEER"}, {"title": "Aliens Fireteam Elite"}, {"title": "Among Us"}, {"title": "Aragami 2"}, {"title": "Archvale"}, {"title": "As Dusk Falls"}, {"title": "Assassin's Creed Odyssey"}, {"title": "Assassin's Creed Origins"}, {"title": "Astria Ascending"}, {"title": "BLiNX The Time Sweeper"}, {"title": "Back 4 Blood"}, {"title": "Backbone"}, {"title": "Banjo Kazooie N n B"}, {"title": "Banjo-Kazooie"}, {"title": "Banjo-Tooie"}, {"title": "Bassmaster Fishing 2022"}, {"title": "Batman Arkham Knight"}, {"title": "Battlefield 4"}, {"title": "Battlefield 1 Revolution"}, {"title": "Battlefield V"}, {"title": "Battletoads"}, {"title": "Beacon Pines"}, {"title": "Before We Leave"}, {"title": "Ben 10  La chasse aux pouvoirs"}, {"title": "Besiege Console"}, {"title": "Black Desert"}, {"title": "Bleeding Edge"}, {"title": "Bloodroots"}, {"title": "Breathedge"}, {"title": "Bridge Constructor Portal"}, {"title": "Broken Age"}, {"title": "Bugsnax"}, {"title": "Chinatown Detective Agency"}, {"title": "Chorus"}, {"title": "Cities Skylines - Xbox One Edition"}, {"title": "Citizen Sleeper"}, {"title": "ClusterTruck"}, {"title": "Coffee Talk"}, {"title": "Commandos 3 - HD Remaster"}, {"title": "Conan Exiles"}, {"title": "Contrast"}, {"title": "Cooking Simulator"}, {"title": "Course avec Ryan"}, {"title": "Crackdown 3"}, {"title": "Cricket 22"}, {"title": "Crimson Skies High Road to Revenge"}, {"title": "CrossfireX Operation Catalyseur"}, {"title": "Crown Trick"}, {"title": "Crusader Kings III"}, {"title": "DC Krypto Super-Chien Les aventures de Krypto et Ace"}, {"title": "DEATHLOOP"}, {"title": "DEEEER Simulator Votre jeu de cerf de tous les jours"}, {"title": "DIRT 5"}, {"title": "DJMAX RESPECT V"}, {"title": "DOOM"}, {"title": "DOOM 3"}, {"title": "DOOM 64"}, {"title": "DOOM Eternal Standard Edition"}, {"title": "DOOM II"}, {"title": "DRAGON BALL FIGHTERZ"}, {"title": "DRAGON QUEST BUILDERS 2"}, {"title": "DRAGON QUEST XI S  Les Combattants de la destinee - Edition ultime"}, {"title": "Dandy Ace"}, {"title": "Danganronpa 2 Goodbye Despair Anniversary Edition"}, {"title": "Danganronpa V3 Killing Harmony Anniversary Edition"}, {"title": "Danganronpa Trigger Happy Havoc Anniversary Edition"}, {"title": "DayZ"}, {"title": "Dead Cells"}, {"title": "Dead Space"}, {"title": "Dead by Daylight"}, {"title": "Death's Door [Xbox]"}, {"title": "Deep Rock Galactic"}, {"title": "Descenders"}, {"title": "Destroy All Humans!"}, {"title": "Dicey Dungeons"}, {"title": "Disc Room"}, {"title": "Dishonored 2"}, {"title": "Dishonored  La mort de l'Outsider"}, {"title": "Dishonored Definitive Edition"}, {"title": "Disney Dreamlight Valley"}, {"title": "Disneyland Adventures"}, {"title": "Donut County"}, {"title": "Double Dragon Neon"}, {"title": "Dragon Age Origins"}, {"title": "Dragon Age 2"}, {"title": "Dragon Age  Inquisition"}, {"title": "Dreamscaper"}, {"title": "Echo Generation"}, {"title": "Edge of Eternity"}, {"title": "Eiyuden Chronicle Rising"}, {"title": "Embr"}, {"title": "Empire of Sin"}, {"title": "Escape Academy"}, {"title": "Evil Genius 2 World Domination"}, {"title": "Exo One"}, {"title": "F1 2021"}, {"title": "FAR Changing Tides"}, {"title": "FOR HONOR  MARCHING FIRE EDITION"}, {"title": "Fable Anniversary"}, {"title": "Fable II"}, {"title": "Fable III"}, {"title": "Fae Tactics"}, {"title": "Fallout 3"}, {"title": "Fallout 4"}, {"title": "Fallout 76"}, {"title": "Fallout New Vegas"}, {"title": "Far Cry 5"}, {"title": "Farming Simulator 22"}, {"title": "Firewatch"}, {"title": "Floppy Knights"}, {"title": "Football Manager 2022 Xbox Edition"}, {"title": "Forager"}, {"title": "Fortnite"}, {"title": "Forza Horizon 4 Edition standard"}, {"title": "Forza Horizon 5 Edition standard"}, {"title": "Frostpunk Console Edition"}, {"title": "Fuga Melodies of Steel"}, {"title": "Fuzion Frenzy"}, {"title": "Gang Beasts"}, {"title": "Garden Story"}, {"title": "Gears 5 edition Jeu de l'annee"}, {"title": "Gears Tactics"}, {"title": "Gears of War 2"}, {"title": "Gears of War 3"}, {"title": "Gears of War 4"}, {"title": "Gears of War Judgment"}, {"title": "Gears of War Ultimate Edition"}, {"title": "Generation Zero"}, {"title": "Genesis Noir"}, {"title": "Goat Simulator"}, {"title": "Going Under"}, {"title": "Golf With Your Friends"}, {"title": "Gorogoa"}, {"title": "Grounded - Apercu"}, {"title": "HITMAN Trilogy"}, {"title": "Halo 5 Guardians"}, {"title": "Halo  La collection le Major"}, {"title": "Halo Infinite"}, {"title": "Halo Wars 2 Standard Edition"}, {"title": "Halo Spartan Assault"}, {"title": "Hardspace Shipbreaker"}, {"title": "Hellblade Senua's Sacrifice"}, {"title": "Hollow Knight Edition Coeur-du-Vide"}, {"title": "House Flipper"}, {"title": "Human Fall Flat"}, {"title": "INSIDE"}, {"title": "Immortal Realms Vampire Wars"}, {"title": "Immortality"}, {"title": "Immortals Fenyx Rising"}, {"title": "Infernax"}, {"title": "Injustice 2"}, {"title": "Into the Pit"}, {"title": "It Takes Two - Version numerique"}, {"title": "Jetpac Refuelled"}, {"title": "Joy Ride Turbo"}, {"title": "Jurassic World Evolution 2"}, {"title": "Just Cause 4 Reloaded"}, {"title": "Kameo"}, {"title": "Kentucky Route Zero TV Edition"}, {"title": "Kill It With Fire"}, {"title": "Killer Instinct  Definitive Edition"}, {"title": "Kraken Academy!!"}, {"title": "La Terre du Milieu  L'Ombre de la Guerre"}, {"title": "Lake"}, {"title": "Lawn Mowing Simulator"}, {"title": "Le Donjon de Naheulbeuk  L'Amulette du Desordre - Chicken Edition"}, {"title": "Lemnis Gate"}, {"title": "Les Chroniques de la guerre de Lodoss  Deedlit au Labyrinthe des merveilles"}, {"title": "Les Sims 4"}, {"title": "Life is Strange True Colors"}, {"title": "Little Witch in the Woods"}, {"title": "Lonely Mountains Downhill"}, {"title": "Loot River"}, {"title": "Lost in Random"}, {"title": "MLB The Show 22 Xbox Series X | S"}, {"title": "Maneater"}, {"title": "Marvel's Avengers"}, {"title": "Marvel's Guardians of the Galaxy"}, {"title": "Mass Effect Edition Legendaire"}, {"title": "Mass Effect Andromeda"}, {"title": "Matchpoint - Tennis Championships"}, {"title": "MechWarrior 5 Mercenaries"}, {"title": "Metal Hellsinger"}, {"title": "Microsoft Flight Simulator Standard Game of the Year Edition"}, {"title": "Midnight Fight Express"}, {"title": "Mind Scanners"}, {"title": "Minecraft Dungeons"}, {"title": "Mirror's Edge Catalyst"}, {"title": "Mon Amie Peppa Pig"}, {"title": "Monster Sanctuary"}, {"title": "Monster Train"}, {"title": "Moonglow Bay"}, {"title": "Moonlighter"}, {"title": "Mortal Kombat 11"}, {"title": "Mortal Shell Enhanced Edition"}, {"title": "MotoGP22"}, {"title": "My Friend Pedro"}, {"title": "My Time at Portia"}, {"title": "NARAKA BLADEPOINT - Edition Standard"}, {"title": "NINJA GAIDEN 3 Razor's Edge"}, {"title": "NINJA GAIDEN S"}, {"title": "NINJA GAIDEN S2"}, {"title": "Need for Speed Heat"}, {"title": "Need for Speed Hot Pursuit Remastered"}, {"title": "Neoverse"}, {"title": "New Super Lucky's Tale"}, {"title": "Next Space Rebels"}, {"title": "Ni no Kuni La vengeance de la Sorciere celeste Remastered"}, {"title": "No Man's Sky"}, {"title": "Nobody Saves the World"}, {"title": "Nongunz Doppelganger Edition"}, {"title": "Nuclear Throne"}, {"title": "OCTOPATH TRAVELER"}, {"title": "OMORI"}, {"title": "ONE PIECE PIRATE WARRIORS 4"}, {"title": "OPUS Echo of Starsong - Full Bloom Edition"}, {"title": "OUTRIDERS"}, {"title": "Oblivion"}, {"title": "Olija"}, {"title": "One Step From Eden"}, {"title": "Ori and the Blind Forest Definitive Edition"}, {"title": "Ori and the Will of the Wisps"}, {"title": "Outer Wilds"}, {"title": "Overcooked! 2"}, {"title": "PAC-MAN MUSEUM+"}, {"title": "Paradise Killer"}, {"title": "Pat' Patrouille  La Super Patrouille sauve la Grande Vallee"}, {"title": "Paw Patrol, la Pat'Patrouille - le film A la rescousse d'Adventure City"}, {"title": "Peggle 2"}, {"title": "Perfect Dark"}, {"title": "Perfect Dark Zero"}, {"title": "Phoenix Point"}, {"title": "Pikuniku"}, {"title": "Pillars of Eternity II Deadfire - Ultimate Edition"}, {"title": "Pillars of Eternity Complete Edition"}, {"title": "Plants vs. Zombies Garden Warfare"}, {"title": "Plants vs. Zombies Garden Warfare 2"}, {"title": "Plants vs. Zombies La Bataille de Neighborville"}, {"title": "Power Rangers Battle for the Grid"}, {"title": "PowerWash Simulator"}, {"title": "Prey"}, {"title": "Prodeus"}, {"title": "Project Wingman"}, {"title": "Psychonauts"}, {"title": "Psychonauts 2"}, {"title": "Pupperazzi"}, {"title": "Quake"}, {"title": "RAGE"}, {"title": "RAGE 2"}, {"title": "RESEARCH and DESTROY"}, {"title": "ReCore"}, {"title": "Recompile"}, {"title": "Ring of Pain"}, {"title": "Road 96"}, {"title": "Rubber Bandits"}, {"title": "Rush A DisneyPixar Adventure"}, {"title": "SCARLET NEXUS"}, {"title": "STAR WARS Jedi Fallen Order"}, {"title": "STAR WARS Battlefront II"}, {"title": "STAR WARS Squadrons"}, {"title": "Sable"}, {"title": "Sea of Thieves"}, {"title": "Second Extinction"}, {"title": "Secret Neighbor"}, {"title": "Serious Sam 4"}, {"title": "Shadowrun Returns"}, {"title": "Shadowrun Dragonfall - Director's Cut"}, {"title": "Shadowrun Hong Kong - Extended Edition"}, {"title": "Shredders"}, {"title": "Skate 3"}, {"title": "Skul The Hero Slayer"}, {"title": "Slay The Spire"}, {"title": "Slime Rancher"}, {"title": "Slime Rancher 2"}, {"title": "Sniper Elite 4"}, {"title": "Sniper Elite 5"}, {"title": "SnowRunner"}, {"title": "Solasta Crown of the Magister"}, {"title": "Space Warlord Organ Trading Simulator"}, {"title": "Spacelines from the Far Out"}, {"title": "Spelunky 2"}, {"title": "SpiderHeck"}, {"title": "Stardew Valley"}, {"title": "State of Decay 2 Juggernaut Edition"}, {"title": "Stellaris Console Edition"}, {"title": "Subnautica"}, {"title": "Subnautica Below Zero"}, {"title": "Super Mega Baseball 3"}, {"title": "Superliminal"}, {"title": "Supraland"}, {"title": "Surgeon Simulator 2"}, {"title": "TRANSFORMERS  BATTLEGROUNDS"}, {"title": "TUNIC"}, {"title": "Tainted Grail Conquest"}, {"title": "Teenage Mutant Ninja Turtles Shredder's Revenge"}, {"title": "Tell Me Why Chapitre 1-3"}, {"title": "Telling Lies"}, {"title": "Terraria"}, {"title": "The Anacrusis"}, {"title": "The Ascent"}, {"title": "The Bard's Tale ARPG  Remastered and Resnarkled"}, {"title": "The Bard's Tale IV Director's Cut"}, {"title": "The Bard's Tale Trilogy"}, {"title": "The Elder Scrolls III Morrowind"}, {"title": "The Elder Scrolls V Skyrim Special Edition"}, {"title": "The Evil Within"}, {"title": "The Evil Within 2"}, {"title": "The Forgotten City"}, {"title": "The Good Life"}, {"title": "The Gunk"}, {"title": "The Last Kids on Earth et le Sceptre Maudit !"}, {"title": "The Long Dark"}, {"title": "The Outer Worlds"}, {"title": "The Pedestrian"}, {"title": "The Procession to Calvary"}, {"title": "The Riftbreaker"}, {"title": "The Walking Dead A New Frontier - The Complete Season"}, {"title": "The Walking Dead Michonne - The Complete Season"}, {"title": "The Walking Dead Season Two"}, {"title": "The Walking Dead The Complete First Season"}, {"title": "This War of Mine Final Cut"}, {"title": "Tinykin"}, {"title": "Tom Clancy's Rainbow Six Siege Deluxe Edition"}, {"title": "Tom Clancy's Ghost Recon Wildlands - Standard Edition"}, {"title": "Tom Clancy's Rainbow Six Extraction"}, {"title": "Torment Tides of Numenera"}, {"title": "Totally Accurate Battle Simulator"}, {"title": "Totally Reliable Delivery Service"}, {"title": "Townscaper"}, {"title": "Trailmakers"}, {"title": "Train Sim World 3 Standard Edition"}, {"title": "Trek to Yomi"}, {"title": "Tropico 6"}, {"title": "Turbo Golf Racing"}, {"title": "Turnip Boy Commits Tax Evasion"}, {"title": "Two Point Campus"}, {"title": "UNSIGHTED"}, {"title": "Umurangi Generation - Edition speciale"}, {"title": "Undertale"}, {"title": "Undungeon"}, {"title": "Unpacking"}, {"title": "Unravel Two"}, {"title": "Unsouled"}, {"title": "Visage"}, {"title": "Viva Pinata"}, {"title": "Viva Pinata TIP"}, {"title": "Warhammer 40,000 Battlesector"}, {"title": "Wasteland 2 Director's Cut"}, {"title": "Wasteland 3"}, {"title": "Wasteland Remastered"}, {"title": "Watch Dogs2"}, {"title": "We Happy Few"}, {"title": "Weird West"}, {"title": "Windjammers 2"}, {"title": "Wolfenstein The New Order"}, {"title": "Wolfenstein The Old Blood"}, {"title": "Wolfenstein Youngblood"}, {"title": "Wolfenstein II The New Colossus"}, {"title": "Worms W.M.D"}, {"title": "Wreckfest"}, {"title": "Yakuza 0"}, {"title": "Yakuza 3 Remastered"}, {"title": "Yakuza 4 Remastered"}, {"title": "Yakuza 5 Remastered"}, {"title": "Yakuza 6 The Song of Life"}, {"title": "Yakuza Kiwami"}, {"title": "Yakuza Kiwami 2"}, {"title": "Yakuza Like a Dragon"}, {"title": "You Suck at Parking"}, {"title": "Young Souls"}, {"title": "Zero Escape The Nonary Games"}, {"title": "Zombie Army 4 Dead War"}, {"title": "art of rally"}, {"title": "skate."}, {"title": "theHunter Call of the Wild"}, {"title": "Edition finale de Halo Wars"}]