[{"title": "Assassin's Creed Odyssey"}, {"title": "Beacon Pines"}, {"title": "Commandos 3 - HD Remaster"}, {"title": "DC Krypto Super-Chien Les aventures de Krypto et Ace"}, {"title": "DEATHLOOP"}, {"title": "Danganronpa V3 Killing Harmony Anniversary Edition"}, {"title": "Disney Dreamlight Valley"}, {"title": "Fuga Melodies of Steel"}, {"title": "Hardspace Shipbreaker"}, {"title": "Immortality"}, {"title": "Immortals Fenyx Rising"}, {"title": "Metal Hellsinger"}, {"title": "Ni no Kuni La vengeance de la Sorciere celeste Remastered"}, {"title": "Prodeus"}, {"title": "Slime Rancher 2"}, {"title": "SpiderHeck"}, {"title": "Tinykin"}, {"title": "Train Sim World 3 Standard Edition"}, {"title": "You Suck at Parking"}]