[{"title": "7 Days to Die", "store": "Steam"}, {"title": "41 Hours", "store": "Steam"}, {"title": "428: Shibuya Scramble", "store": "Steam"}, {"title": "A-Train: All Aboard! Tourism", "store": "Steam"}, {"title": "A-Train PC Classic", "store": "Steam"}, {"title": "Absolute Drift: Zen Edition", "store": "Epic"}, {"title": "Absolver", "store": "Steam"}, {"title": "Achilles: Legends Untold", "store": "Steam"}, {"title": "Age of Conan: Unchained", "store": "Steam"}, {"title": "Age of Darkness: Final Stand", "store": "Steam"}, {"title": "Age of Wonders: Planetfall", "store": "Steam"}, {"title": "Age of Wonders III", "store": "Steam"}, {"title": "Ageless", "store": "Steam"}, {"title": "AI: The Somnium Files", "store": "Steam"}, {"title": "Alan Wake", "store": "Epic, Steam"}, {"title": "Alan Wake's American Nightmare", "store": "Epic, Steam"}, {"title": "Alan Wake Remastered", "store": "Epic"}, {"title": "Albion Online", "store": "Sandbox Interactive GmbH"}, {"title": "Alchemist Adventure", "store": "Steam"}, {"title": "Amazing Cultivation Simulator", "store": "Steam"}, {"title": "American Fugitive", "store": "Steam"}, {"title": "American Truck Simulator", "store": "Steam"}, {"title": "AMID EVIL", "store": "Steam"}, {"title": "Amnesia: A Machine for Pigs", "store": "Epic, Steam"}, {"title": "Amnesia: Rebirth", "store": "Epic, Steam"}, {"title": "Amnesia: The Dark Descent", "store": "Steam"}, {"title": "Among Us", "store": "Epic, Steam"}, {"title": "The Anacrusis", "store": "Steam"}, {"title": "Anno 1404 History Edition", "store": "Ubisoft, Steam"}, {"title": "Anno 1800", "store": "Ubisoft, Epic, Steam"}, {"title": "Anno 2070", "store": "Ubisoft, Steam"}, {"title": "Anno 2205", "store": "Steam"}, {"title": "AO Tennis 2", "store": "Steam"}, {"title": "Apex Legends", "store": "Origin, Steam"}, {"title": "Apollo 11 Lunar Landing Demo", "store": "Apollo 11 Lunar Landing Demo"}, {"title": "Aragami", "store": "Steam"}, {"title": "Aragami 2", "store": "Steam"}, {"title": "Araha: Curse of Yieun Island", "store": "Steam"}, {"title": "Arcana Heart 3 LOVEMAX SIXSTARS!!!!!! XTEND", "store": "Steam"}, {"title": "The Architect Paris", "store": "Steam"}, {"title": "Arid", "store": "Steam"}, {"title": "Arise: A Simple Story", "store": "Epic"}, {"title": "ARK: Survival Of The Fittest", "store": "Steam"}, {"title": "ARK: Survival Evolved", "store": "Epic, Steam"}, {"title": "Arma 2: Operation Arrowhead", "store": "Steam"}, {"title": "Arma 3", "store": "Steam"}, {"title": "Armello", "store": "Steam"}, {"title": "Armored Warfare", "store": "Postmeta Games Limited"}, {"title": "Aron's Adventure", "store": "Steam"}, {"title": "art of rally", "store": "Epic, Steam"}, {"title": "Artifact", "store": "Steam"}, {"title": "Ashes of the Singularity: Escalation", "store": "Steam"}, {"title": "Assassin's Creed: Director's Cut Edition", "store": "Ubisoft, Epic, Steam"}, {"title": "Assassin's Creed II", "store": "Ubisoft, Steam"}, {"title": "Assassin's Creed III", "store": "Ubisoft"}, {"title": "Assassin's Creed Brotherhood", "store": "Ubisoft, Steam"}, {"title": "Assassin's Creed Revelations", "store": "Ubisoft, Steam"}, {"title": "Assassin's Creed Freedom Cry", "store": "Ubisoft"}, {"title": "Assassin's Creed III Remastered", "store": "Ubisoft, Epic, Steam"}, {"title": "Assassin's Creed IV Black Flag", "store": "Ubisoft, Steam"}, {"title": "Assassin's Creed IV Black Flag - Gold Edition", "store": "Ubisoft"}, {"title": "Assassin's Creed Rogue", "store": "Ubisoft, Epic, Steam"}, {"title": "Assassin's Creed Unity", "store": "Ubisoft, Epic, Steam"}, {"title": "Assassin's Creed: Syndicate", "store": "Ubisoft, Epic, Steam"}, {"title": "Assassin's Creed Origins", "store": "Ubisoft, Epic, Steam"}, {"title": "Assassin's Creed Odyssey", "store": "Ubisoft, Epic, Steam"}, {"title": "Assassin's Creed: Valhalla", "store": "Ubisoft, Epic"}, {"title": "Assassin's Creed Chronicles: China", "store": "Ubisoft"}, {"title": "Assassin's Creed Chronicles: India", "store": "Ubisoft"}, {"title": "Assassin's Creed Chronicles: Russia", "store": "Ubisoft"}, {"title": "Assassin's Creed: Syndicate Gold Edition", "store": "Ubisoft"}, {"title": "Assassin's Creed III Deluxe Edition", "store": "Ubisoft"}, {"title": "Assetto Corsa", "store": "Steam"}, {"title": "Assetto Corsa Competizione", "store": "Steam"}, {"title": "Asterix & Obelix XXL 3 - The Crystal Menhir", "store": "Steam"}, {"title": "ASTRONEER", "store": "Steam"}, {"title": "ATLAS", "store": "Steam"}, {"title": "ATOM RPG", "store": "Steam"}, {"title": "ATOM RPG Trudograd", "store": "Steam"}, {"title": "ATOMEGA", "store": "Steam"}, {"title": "Automachef", "store": "Epic"}, {"title": "Automation - The Car Company Tycoon Game", "store": "Steam"}, {"title": "Autonauts", "store": "Steam"}, {"title": "Aven Colony", "store": "Epic, Steam"}, {"title": "AVICII Invector", "store": "Steam"}, {"title": "Avorion", "store": "Steam"}, {"title": "AWAY: The Survival Series", "store": "Epic, Steam"}, {"title": "The Awesome Adventures of Captain Spirit", "store": "Steam"}, {"title": "Axilon: Legend of Artifacts - Prologue", "store": "Steam"}, {"title": "Backbone", "store": "Epic, Steam"}, {"title": "Backbone: Prologue", "store": "Backbone: Prologue"}, {"title": "Bad North: Jotunn Edition", "store": "Epic, Steam"}, {"title": "Bakery Simulator", "store": "Steam"}, {"title": "Banners of Ruin", "store": "Epic, Steam"}, {"title": "BATTALION 1944", "store": "Steam"}, {"title": "Battle Chasers: Nightwar", "store": "Steam"}, {"title": "Battle vs Chess", "store": "Steam"}, {"title": "BattleBeasts", "store": "Steam"}, {"title": "Battlefield 1", "store": "Origin, Steam"}, {"title": "Battlefield 4 Premium Edition", "store": "Origin, Steam"}, {"title": "Battlefield V", "store": "Origin, Steam"}, {"title": "Battlefleet Gothic: Armada", "store": "Steam"}, {"title": "Battlefleet Gothic: Armada 2", "store": "Steam"}, {"title": "Battlestar Galactica Deadlock", "store": "Steam"}, {"title": "Battletech", "store": "Steam"}, {"title": "Battlezone: Combat Commander", "store": "Steam"}, {"title": "BeamNG.drive", "store": "Steam"}, {"title": "Beat Cop", "store": "Steam"}, {"title": "Bee Simulator", "store": "Steam"}, {"title": "Before We Leave", "store": "Epic, Steam"}, {"title": "Beholder", "store": "Steam"}, {"title": "Beholder 2", "store": "Steam"}, {"title": "Besiege", "store": "Steam"}, {"title": "Beyond Contact", "store": "Steam"}, {"title": "Beyond Good and Evil", "store": "Ubisoft, Steam"}, {"title": "BIOMUTANT", "store": "Epic, Steam"}, {"title": "Black Book", "store": "Epic, Steam"}, {"title": "Black Desert", "store": "Steam"}, {"title": "Black Future '88", "store": "Steam"}, {"title": "Black Mesa", "store": "Steam"}, {"title": "Black Skylands", "store": "Epic, Steam"}, {"title": "Black Squad", "store": "Steam"}, {"title": "BLACKSAD: Under the Skin", "store": "Steam"}, {"title": "Blacksmith Legends", "store": "Steam"}, {"title": "Blair Witch", "store": "Epic, Steam"}, {"title": "Blasphemous", "store": "Steam"}, {"title": "Blast Brigade contre Legion du Mal du Dr Cread", "store": "Steam"}, {"title": "BlazBlue: Cross Tag Battle", "store": "Steam"}, {"title": "Blightbound", "store": "Steam"}, {"title": "Blood Bowl 2", "store": "Steam"}, {"title": "Blood Bowl: Legendary Edition", "store": "Steam"}, {"title": "Blood of Steel", "store": "Steam"}, {"title": "Blood West", "store": "Steam"}, {"title": "Blue Fire", "store": "Steam"}, {"title": "Bomber Crew", "store": "Steam"}, {"title": "BotiBoi Demo", "store": "BotiBoi Demo"}, {"title": "Boundless", "store": "Steam"}, {"title": "The Bradwell Conspiracy", "store": "Steam"}, {"title": "Brawlhalla", "store": "Steam"}, {"title": "Breathedge", "store": "Epic, Steam"}, {"title": "Bridge Constructor Portal", "store": "Steam"}, {"title": "Bridge Constructor: The Walking Dead", "store": "Epic, Steam"}, {"title": "Brigandine The Legend of Runersia", "store": "Steam"}, {"title": "Bright Memory", "store": "Steam"}, {"title": "Bright Memory: Infinite", "store": "Steam"}, {"title": "Buccaneers!", "store": "Steam"}, {"title": "Bullet Girls Phantasi", "store": "Steam"}, {"title": "The Bus", "store": "Steam"}, {"title": "Bus Driver Simulator", "store": "Steam"}, {"title": "Bus Simulator 18", "store": "Steam"}, {"title": "Bus Simulator 21", "store": "Steam"}, {"title": "BUSTAFELLOWS", "store": "Steam"}, {"title": "Cake Bash", "store": "Steam"}, {"title": "Caliber", "store": "1C Company"}, {"title": "Call of Cthulhu", "store": "Steam"}, {"title": "Call of Juarez Gunslinger", "store": "Steam"}, {"title": "Call of the Sea", "store": "Steam"}, {"title": "Call to Arms", "store": "Steam"}, {"title": "Car Mechanic Simulator 2015", "store": "Steam"}, {"title": "Car Mechanic Simulator 2018", "store": "Steam"}, {"title": "Car Mechanic Simulator 2021", "store": "Steam"}, {"title": "Car Trader Simulator", "store": "Steam"}, {"title": "Cardaclysm", "store": "Steam"}, {"title": "Castle Flipper", "store": "Steam"}, {"title": "Caves of Qud", "store": "Steam"}, {"title": "Cepheus Protocol", "store": "Steam"}, {"title": "Cepheus Protocol Anthology Season 1", "store": "Steam"}, {"title": "Chernobylite", "store": "Epic, Steam"}, {"title": "Chess Ultra", "store": "Steam"}, {"title": "Child of Light", "store": "Ubisoft"}, {"title": "Children of Morta", "store": "Steam"}, {"title": "Chinese Paladin: Sword and Fairy", "store": "Steam"}, {"title": "Chinese Parents", "store": "Steam"}, {"title": "Chivalry: Medieval Warfare", "store": "Steam"}, {"title": "Chivalry 2", "store": "Epic"}, {"title": "Chorus", "store": "Epic, Steam"}, {"title": "Chorus Demo", "store": "Chorus Demo"}, {"title": "Chronicon", "store": "Steam"}, {"title": "Citadel: Forged with Fire", "store": "Steam"}, {"title": "Cities: Skylines(c)", "store": "Epic, Steam"}, {"title": "City of Gangsters", "store": "Steam"}, {"title": "Claybook", "store": "Steam"}, {"title": "Clid the Snail", "store": "Epic, Steam"}, {"title": "Cloudpunk", "store": "Steam"}, {"title": "Clustertruck", "store": "Steam"}, {"title": "Combat Mission Cold War", "store": "Steam"}, {"title": "Commandos 2 - HD Remaster", "store": "Steam"}, {"title": "Company of Crime", "store": "Steam"}, {"title": "Conan Chop Chop", "store": "Steam"}, {"title": "Conan Exiles", "store": "Epic, Steam"}, {"title": "Conan Unconquered", "store": "Steam"}, {"title": "Conception PLUS: Maidens of the Twelve Stars", "store": "Steam"}, {"title": "Conglomerate 451", "store": "Steam"}, {"title": "Construction Simulator 2 US - Pocket Edition", "store": "Steam"}, {"title": "Construction Simulator 2015", "store": "Steam"}, {"title": "Control", "store": "Epic, Steam"}, {"title": "Control Ultimate Edition", "store": "Steam"}, {"title": "Core", "store": "Epic"}, {"title": "The Council - Episode 1", "store": "Steam"}, {"title": "Counter-Strike", "store": "Steam"}, {"title": "Counter-Strike: Condition Zero", "store": "Steam"}, {"title": "Counter-Strike: Source", "store": "Steam"}, {"title": "Counter-Strike: Global Offensive", "store": "Steam"}, {"title": "The Crackpet Show", "store": "Steam"}, {"title": "Crawl", "store": "Steam"}, {"title": "Creative Destruction", "store": "Steam"}, {"title": "Creativerse", "store": "Steam"}, {"title": "The Crew", "store": "Ubisoft, Steam"}, {"title": "The Crew 2", "store": "Ubisoft, Epic, Steam"}, {"title": "Cris Tales", "store": "Epic, Steam"}, {"title": "Crossfire", "store": "Tencent"}, {"title": "Crossout", "store": "Steam"}, {"title": "Crowfall", "store": "ArtCraft"}, {"title": "Crown Trick", "store": "Steam"}, {"title": "Crowns and Pawns: Kingdom of Deceit", "store": "Steam"}, {"title": "CRSED: F.O.A.D.", "store": "Epic, Steam"}, {"title": "Crusader Kings II", "store": "Steam"}, {"title": "Crusader Kings III", "store": "Steam"}, {"title": "Crysis Remastered", "store": "Epic, Steam"}, {"title": "Crysis 2 Remastered", "store": "Epic"}, {"title": "Crysis 3 Remastered", "store": "Epic"}, {"title": "Cube World", "store": "Steam"}, {"title": "Cultist Simulator", "store": "Steam"}, {"title": "Cuphead", "store": "Steam"}, {"title": "Curious Expedition 2", "store": "Steam"}, {"title": "Curse of the Dead Gods", "store": "Epic, Steam"}, {"title": "Cyber Hook", "store": "Steam"}, {"title": "Cyberpunk 2077", "store": "gog, Epic, Steam"}, {"title": "CyberTaxi", "store": "Steam"}, {"title": "The Cycle: Frontier", "store": "Epic"}, {"title": "DAEMON X MACHINA", "store": "Epic, Steam"}, {"title": "Dakar 18", "store": "Steam"}, {"title": "Danganronpa: Trigger Happy Havoc", "store": "Steam"}, {"title": "Danganronpa 2: Goodbye Despair", "store": "Steam"}, {"title": "Danganronpa V3: Killing Harmony", "store": "Steam"}, {"title": "Danganronpa Another Episode: Ultra Despair Girls", "store": "Steam"}, {"title": "Danger Scavenger", "store": "Steam"}, {"title": "DARIUSBURST Chronicle Saviours", "store": "Steam"}, {"title": "The Dark Crystal: Age of Resistance Tactics", "store": "Steam"}, {"title": "Darkest Hour: A Hearts of Iron Game", "store": "Steam"}, {"title": "Darksburg", "store": "Steam"}, {"title": "Darksiders: Warmastered Edition", "store": "Epic, Steam"}, {"title": "Darksiders II Deathinitive Edition", "store": "Epic, Steam"}, {"title": "Darksiders III", "store": "Steam"}, {"title": "DARKSIDERS: GENESIS", "store": "Steam"}, {"title": "Darwin Project", "store": "Steam"}, {"title": "Dauntless", "store": "Epic"}, {"title": "Dawn of Man", "store": "Steam"}, {"title": "Day of Infamy", "store": "Steam"}, {"title": "Days of War: Definitive Edition", "store": "Steam"}, {"title": "DayZ", "store": "Steam"}, {"title": "DCL - The Game", "store": "Steam"}, {"title": "Dead Age", "store": "Steam"}, {"title": "Dead Age 2", "store": "Steam"}, {"title": "Dead by Daylight", "store": "Epic, Steam"}, {"title": "Dead Cells", "store": "Epic, Steam"}, {"title": "Dead In Vinland", "store": "Steam"}, {"title": "Dead Island Definitive Edition", "store": "Steam"}, {"title": "Dead Island: Riptide Definitive Edition", "store": "Steam"}, {"title": "Deadliest Catch: The Game", "store": "Steam"}, {"title": "Deadside", "store": "Steam"}, {"title": "Death's Door", "store": "Epic, Steam"}, {"title": "Death Rally", "store": "Steam"}, {"title": "DEATH STRANDING", "store": "Epic, Steam"}, {"title": "Death Trash", "store": "Steam"}, {"title": "Deathsmiles", "store": "Steam"}, {"title": "Deceit", "store": "Steam"}, {"title": "Deep Rock Galactic", "store": "Steam"}, {"title": "Deep Sky Derelicts", "store": "Steam"}, {"title": "Deepest Chamber", "store": "Epic, Steam"}, {"title": "Deliver Us The Moon: Fortuna", "store": "Steam"}, {"title": "Depth", "store": "Steam"}, {"title": "Descenders", "store": "Steam"}, {"title": "Desperados III", "store": "Epic"}, {"title": "Destiny 2", "store": "Steam"}, {"title": "Deus Ex: Human Revolution - Director's Cut", "store": "Steam"}, {"title": "Deus Ex: The Fall", "store": "Steam"}, {"title": "Deus Ex: Mankind Divided", "store": "Steam"}, {"title": "Devil Slayer - Raksasi", "store": "Steam"}, {"title": "Dice Legacy", "store": "Epic, Steam"}, {"title": "Dicey Dungeons", "store": "Steam"}, {"title": "Die After Sunset", "store": "Steam"}, {"title": "Dinosaur Fossil Hunter", "store": "Steam"}, {"title": "Diplomacy is Not an Option", "store": "Epic, Steam"}, {"title": "Diplomacy is Not an Option Demo", "store": "Diplomacy is Not an Option Demo"}, {"title": "Dirty Bomb", "store": "Steam"}, {"title": "Disciples: Liberation", "store": "Epic, Steam"}, {"title": "Disco Elysium", "store": "Epic, Steam"}, {"title": "Disgaea 2 PC", "store": "Steam"}, {"title": "Disgaea 4 Complete+", "store": "Steam"}, {"title": "Disgaea 5 Complete", "store": "Steam"}, {"title": "Disgaea PC", "store": "Steam"}, {"title": "Baymax Dreams of Fred's Glitch", "store": "Disney TV Animation and Disney Media & Entertainment Distribution"}, {"title": "Distance", "store": "Steam"}, {"title": "Distant Worlds 2", "store": "Steam"}, {"title": "Divinity: Original Sin", "store": "Classic"}, {"title": "Divinity: Original Sin - Enhanced Edition", "store": "Steam"}, {"title": "Divinity: Original Sin 2 - Definitive Edition", "store": "Steam"}, {"title": "Tom Clancy's The Division", "store": "Ubisoft, Steam"}, {"title": "Tom Clancy's The Division 2", "store": "Ubisoft, Epic"}, {"title": "Do Not Feed the Monkeys", "store": "Steam"}, {"title": "DoDonPachi Resurrectio", "store": "Steam"}, {"title": "Don't Starve", "store": "Steam"}, {"title": "Don't Starve Together", "store": "Steam"}, {"title": "Door Kickers", "store": "Steam"}, {"title": "Door Kickers: Action Squad", "store": "Steam"}, {"title": "Door Kickers 2: Task Force North", "store": "Steam"}, {"title": "Dorfromantik", "store": "Steam"}, {"title": "Dota 2", "store": "Steam"}, {"title": "Dota Underlords", "store": "Steam"}, {"title": "Dragon Age Inquisition - L'Edition Jeu de L'annee", "store": "Origin, Steam"}, {"title": "Dread Hunger", "store": "Steam"}, {"title": "Dreadlands", "store": "Steam"}, {"title": "Dreamscaper", "store": "Epic, Steam"}, {"title": "Driftland: The Magic Revival", "store": "Steam"}, {"title": "Drone Swarm", "store": "Steam"}, {"title": "Drug Dealer Simulator", "store": "Steam"}, {"title": "Dual Universe", "store": "Novaquark"}, {"title": "Dune: Spice Wars", "store": "Steam"}, {"title": "Dungeon Defenders", "store": "Steam"}, {"title": "Dungeon Defenders II", "store": "Steam"}, {"title": "Dungeon Defenders: Awakened", "store": "Steam"}, {"title": "The Dungeon Of Naheulbeuk: The Amulet Of Chaos", "store": "Epic, Steam"}, {"title": "Dungeon of the Endless - Crystal Edition", "store": "Steam"}, {"title": "Dungeon Siege", "store": "Steam"}, {"title": "Dungeons 3", "store": "Epic, Steam"}, {"title": "Dungreed", "store": "Steam"}, {"title": "DUSK", "store": "Steam"}, {"title": "Dusk Diver", "store": "Steam"}, {"title": "Dwarrows", "store": "Steam"}, {"title": "Dying Light", "store": "Epic, Steam"}, {"title": "Dying Light 2 Stay Human", "store": "Epic, Steam"}, {"title": "Dying Light: Bad Blood", "store": "Steam"}, {"title": "DYSMANTLE", "store": "Steam"}, {"title": "Dyson Sphere Program", "store": "Steam"}, {"title": "Earth 2160", "store": "Steam"}, {"title": "EARTH DEFENSE FORCE: IRON RAIN", "store": "Steam"}, {"title": "EARTH DEFENSE FORCE: WORLD BROTHERS", "store": "Steam"}, {"title": "EARTH DEFENSE FORCE 4.1 The Shadow of New Despair", "store": "Steam"}, {"title": "EARTH DEFENSE FORCE 4.1 WINGDIVER THE SHOOTER", "store": "Steam"}, {"title": "EARTH DEFENSE FORCE 5", "store": "Steam"}, {"title": "Eastward", "store": "Steam"}, {"title": "Edge Of Eternity", "store": "Epic, Steam"}, {"title": "ELDERBORN", "store": "Steam"}, {"title": "Eldest Souls", "store": "Steam"}, {"title": "ELEX", "store": "Epic"}, {"title": "ELEX 2", "store": "Epic, Steam"}, {"title": "Elite Dangerous", "store": "Epic, Steam"}, {"title": "ELYON", "store": "Steam"}, {"title": "Empire of Angels IV", "store": "Steam"}, {"title": "Empire of Sin", "store": "Steam"}, {"title": "Empyrion - Galactic Survival", "store": "Steam"}, {"title": "Encased", "store": "Epic, Steam"}, {"title": "Enclave", "store": "Steam"}, {"title": "Endless Legend - Emperor Edition", "store": "Steam"}, {"title": "Endless Space - Collection", "store": "Steam"}, {"title": "Endless Space 2 - Digital Deluxe Edition", "store": "Steam"}, {"title": "Endless World Idle RPG", "store": "Steam"}, {"title": "Endzone - A World Apart", "store": "Steam"}, {"title": "Enlisted", "store": "Gaijin Entertainment"}, {"title": "Enter the Gungeon", "store": "Epic, Steam"}, {"title": "Epic Chef", "store": "Steam"}, {"title": "Epistory - Typing Chronicles", "store": "Steam"}, {"title": "EQI", "store": "Steam"}, {"title": "Escape from Naraka", "store": "Steam"}, {"title": "Escape Simulator", "store": "Steam"}, {"title": "The Escapists", "store": "Steam"}, {"title": "The Escapists 2", "store": "Steam"}, {"title": "The Eternal Cylinder", "store": "Epic"}, {"title": "Eternal Return", "store": "Steam"}, {"title": "Euro Truck Simulator 2", "store": "Steam"}, {"title": "Europa Universalis III Complete", "store": "Steam"}, {"title": "Europa Universalis IV", "store": "Epic, Steam"}, {"title": "EVE Online", "store": "CCP Games, Epic, Steam"}, {"title": "Everreach: Project Eden", "store": "Steam"}, {"title": "EVERSPACE", "store": "Steam"}, {"title": "EVERSPACE 2", "store": "Steam"}, {"title": "Evil Dead: The Game", "store": "Epic"}, {"title": "Evil Genius", "store": "Steam"}, {"title": "Evil Genius 2: World Domination", "store": "Steam"}, {"title": "Evoland Legendary Edition", "store": "Steam"}, {"title": "Exanima", "store": "Steam"}, {"title": "Expeditions: Rome", "store": "Epic, Steam"}, {"title": "Expeditions: Viking", "store": "Steam"}, {"title": "F.I.S.T.: Forged In Shadow Torch", "store": "Steam"}, {"title": "Factorio", "store": "Steam"}, {"title": "Fade to Silence", "store": "Steam"}, {"title": "The Falconeer", "store": "Steam"}, {"title": "Fantasy General II", "store": "Steam"}, {"title": "FAR: Changing Tides", "store": "Epic, Steam"}, {"title": "Far Cry", "store": "Ubisoft, Steam"}, {"title": "Far Cry 2: Fortune's Edition", "store": "Ubisoft, Epic, Steam"}, {"title": "Far Cry 3", "store": "Ubisoft, Steam"}, {"title": "Far Cry 3 Deluxe Edition", "store": "Ubisoft, Epic"}, {"title": "Far Cry 3: Blood Dragon", "store": "Ubisoft, Epic"}, {"title": "Far Cry 4", "store": "Ubisoft, Epic, Steam"}, {"title": "Far Cry Primal", "store": "Ubisoft, Epic, Steam"}, {"title": "Far Cry 5", "store": "Ubisoft, Epic, Steam"}, {"title": "Far Cry New Dawn", "store": "Ubisoft, Epic, Steam"}, {"title": "Far Cry 6", "store": "Ubisoft"}, {"title": "Faraday Protocol", "store": "Steam"}, {"title": "Farm Manager 2018", "store": "Steam"}, {"title": "Farm Together", "store": "Steam"}, {"title": "Farming Simulator 22", "store": "Epic, Steam"}, {"title": "Farming Simulator 15", "store": "Steam"}, {"title": "Farming Simulator 17", "store": "Steam"}, {"title": "Farming Simulator 19", "store": "Epic, Steam"}, {"title": "Fate Seeker", "store": "Steam"}, {"title": "Fate Seeker II", "store": "\u5929\u547d\u5947\u5fa1\u4e8c"}, {"title": "Fear The Wolves", "store": "Steam"}, {"title": "Fell Seal: Arbiter's Mark", "store": "Epic, Steam"}, {"title": "FIA European Truck Racing Championship", "store": "Steam"}, {"title": "The Final Station", "store": "Steam"}, {"title": "Fire Pro Wrestling World", "store": "Steam"}, {"title": "Firewatch", "store": "Steam"}, {"title": "The Fisherman - Fishing Planet", "store": "Steam"}, {"title": "Fishing: Barents Sea", "store": "Steam"}, {"title": "The Flame in the Flood", "store": "Steam"}, {"title": "Flashing Lights - Police, Firefighting, Emergency Services Simulator", "store": "Steam"}, {"title": "Fly Corp", "store": "Steam"}, {"title": "For Honor", "store": "Ubisoft, Epic, Steam"}, {"title": "For The King", "store": "Epic, Steam"}, {"title": "FORECLOSED", "store": "Epic, Steam"}, {"title": "The Forest", "store": "Steam"}, {"title": "FOREWARNED", "store": "Steam"}, {"title": "Forged Battalion", "store": "Steam"}, {"title": "The Forgotten City", "store": "Epic, Steam"}, {"title": "Fortnite", "store": "Epic"}, {"title": "Forts", "store": "Steam"}, {"title": "Foundation", "store": "Steam"}, {"title": "Friday the 13th: The Game", "store": "Steam"}, {"title": "FrostPunk", "store": "Epic, Steam"}, {"title": "Frozenheim", "store": "Steam"}, {"title": "FTL: Faster Than Light", "store": "Epic, Steam"}, {"title": "Furi", "store": "Steam"}, {"title": "Fury Unleashed", "store": "Steam"}, {"title": "Galactic Civilizations III", "store": "Epic, Steam"}, {"title": "Galactic Civilizations II: Ultimate Edition", "store": "Steam"}, {"title": "Gamedec", "store": "Epic, Steam"}, {"title": "Garfield Kart - Furious Racing", "store": "Steam"}, {"title": "Garry's Mod", "store": "Steam"}, {"title": "Gas Station Simulator", "store": "Steam"}, {"title": "Call to Arms - Gates of Hell: Ostfront", "store": "Steam"}, {"title": "Generation Zero", "store": "Steam"}, {"title": "Genesis Alpha One Deluxe Edition", "store": "Steam"}, {"title": "Tom Clancy's Ghost Recon Breakpoint", "store": "Ubisoft, Epic"}, {"title": "Tom Clancy's Ghost Recon Wildlands", "store": "Ubisoft, Epic, Steam"}, {"title": "Ghostrunner", "store": "Epic, Steam"}, {"title": "Ghostrunner Demo", "store": "Ghostrunner Demo"}, {"title": "Gloomhaven", "store": "Steam"}, {"title": "Goat Simulator", "store": "Steam"}, {"title": "God's Trigger", "store": "Epic"}, {"title": "God of War", "store": "Epic, Steam"}, {"title": "Gods Will Fall", "store": "Epic, Steam"}, {"title": "Going Medieval", "store": "Epic, Steam"}, {"title": "Going Under", "store": "Steam"}, {"title": "Golf Club: Wasteland", "store": "Steam"}, {"title": "Golf With Your Friends", "store": "Steam"}, {"title": "Gone Home", "store": "Steam"}, {"title": "GoNNER", "store": "Epic, Steam"}, {"title": "GONNER2", "store": "Steam"}, {"title": "Gothic 3", "store": "Steam"}, {"title": "Granado Espada", "store": "Steam"}, {"title": "Granblue Fantasy: Versus", "store": "Steam"}, {"title": "Gravel", "store": "Steam"}, {"title": "GRAVEN", "store": "Epic, Steam"}, {"title": "Greak: Memories of Azur", "store": "Steam"}, {"title": "GreedFall", "store": "Steam"}, {"title": "Green Hell", "store": "Steam"}, {"title": "Griftlands", "store": "Steam"}, {"title": "Grim Dawn", "store": "Steam"}, {"title": "GRIME", "store": "Steam"}, {"title": "GRIP: Combat Racing", "store": "Steam"}, {"title": "Groove Coaster", "store": "Steam"}, {"title": "GTFO", "store": "Steam"}, {"title": "The Guild II: Renaissance", "store": "Steam"}, {"title": "The Guild 3", "store": "Steam"}, {"title": "Guild Wars 2", "store": "NCsoft Corp."}, {"title": "GUILTY GEAR Xrd -SIGN-", "store": "Steam"}, {"title": "GUILTY GEAR Xrd -REVELATOR-", "store": "Steam"}, {"title": "GUILTY GEAR -STRIVE-", "store": "Steam"}, {"title": "GUILTY GEAR XX ACCENT CORE PLUS R", "store": "Steam"}, {"title": "Gujian3", "store": "Steam"}, {"title": "Gunfire Reborn", "store": "Steam"}, {"title": "GWENT: The Witcher Card Game", "store": "Steam"}, {"title": "Hacknet", "store": "Steam"}, {"title": "Hakuoki: Kyoto Winds", "store": "Steam"}, {"title": "Half-Life", "store": "Steam"}, {"title": "Half-Life 2", "store": "Steam"}, {"title": "Half-Life 2: Deathmatch", "store": "Steam"}, {"title": "Half-Life 2: Episode Two", "store": "Steam"}, {"title": "Hammerting", "store": "Epic, Steam"}, {"title": "Hardspace: Shipbreaker", "store": "Steam"}, {"title": "Haven", "store": "Steam"}, {"title": "Headsnatchers", "store": "Steam"}, {"title": "Hearts of Iron II: Complete", "store": "Steam"}, {"title": "Hearts of Iron IV", "store": "Steam"}, {"title": "Hell Let Loose", "store": "Steam"}, {"title": "Hellish Quart", "store": "Steam"}, {"title": "Hello Neighbor", "store": "Epic, Steam"}, {"title": "Hello Neighbor: Hide and Seek", "store": "Epic, Steam"}, {"title": "Hellpoint", "store": "Epic, Steam"}, {"title": "Hero's Hour", "store": "Epic, Steam"}, {"title": "Heroes & Generals", "store": "Epic, Steam"}, {"title": "Heroes of Might & Magic III - HD Edition", "store": "Steam"}, {"title": "Heroes of Might & Magic V", "store": "Ubisoft, Steam"}, {"title": "Heroes of Might & Magic V: Tribes of the East", "store": "Ubisoft, Steam"}, {"title": "Heroes of the Three Kingdoms 8", "store": "Steam"}, {"title": "Hextech Mayhem: A League of Legends Story", "store": "Epic, Steam"}, {"title": "Hide and Shriek", "store": "Steam"}, {"title": "Highrise City", "store": "Steam"}, {"title": "Hitman 2: Silent Assassin", "store": "Steam"}, {"title": "HITMAN 3", "store": "Epic, Steam"}, {"title": "Hitman: Blood Money", "store": "Steam"}, {"title": "Hitman: Absolution", "store": "Steam"}, {"title": "HITMAN", "store": "Epic, Steam"}, {"title": "HITMAN2", "store": "Steam"}, {"title": "Ho Tu Lo Shu: The Books of Dragon", "store": "Steam"}, {"title": "Hobo: Tough Life", "store": "Steam"}, {"title": "Hokko Life", "store": "Steam"}, {"title": "Holdfast: Nations At War", "store": "Steam"}, {"title": "Hollow Knight", "store": "Steam"}, {"title": "Holomento", "store": "Steam"}, {"title": "Home Behind 2", "store": "Steam"}, {"title": "Homefront: The Revolution", "store": "Steam"}, {"title": "Honey, I Joined a Cult", "store": "Steam"}, {"title": "Hood: Outlaws & Legends", "store": "Epic, Steam"}, {"title": "HOT WHEELS UNLEASHED", "store": "Epic, Steam"}, {"title": "Hotshot Racing", "store": "Steam"}, {"title": "House Flipper", "store": "Epic, Steam"}, {"title": "Hue", "store": "Epic, Steam"}, {"title": "Human: Fall Flat", "store": "Steam"}, {"title": "HUMANKIND", "store": "Epic, Steam"}, {"title": "Hundred Days", "store": "Epic, Steam"}, {"title": "Hunt: Showdown", "store": "Steam"}, {"title": "HUNTDOWN", "store": "Epic"}, {"title": "theHunter: Call of the Wild", "store": "Epic, Steam"}, {"title": "Hunting Simulator 2", "store": "Steam"}, {"title": "Hydroneer", "store": "Steam"}, {"title": "Hyper Scape", "store": "Ubisoft, Epic"}, {"title": "Hyperdimension Neptunia Re;Birth1", "store": "Steam"}, {"title": "Hyperdrive Massacre", "store": "Steam"}, {"title": "ICARUS", "store": "Steam"}, {"title": "Idle Big Devil", "store": "Steam"}, {"title": "Idle Champions of the Forgotten Realms", "store": "Steam"}, {"title": "Imagine Earth", "store": "Steam"}, {"title": "The Immortal Mayor", "store": "Steam"}, {"title": "Immortal Realms: Vampire Wars", "store": "Steam"}, {"title": "Immortals Fenyx Rising", "store": "Ubisoft, Epic"}, {"title": "Immortals Fenyx Rising Demo", "store": "Ubisoft, Epic"}, {"title": "Imperator: Rome", "store": "Steam"}, {"title": "The Incredible Adventures of Van Helsing: Final Cut", "store": "Steam"}, {"title": "INDUSTRIA", "store": "Epic, Steam"}, {"title": "Industries of Titan", "store": "Epic, Steam"}, {"title": "Infinifactory", "store": "Steam"}, {"title": "Infliction Extended Cut", "store": "Steam"}, {"title": "Inscryption", "store": "Epic, Steam"}, {"title": "Inscryption Demo", "store": "Inscryption Demo"}, {"title": "INSOMNIA: The Ark", "store": "Steam"}, {"title": "Insurgency", "store": "Steam"}, {"title": "Insurgency: Sandstorm", "store": "Steam"}, {"title": "Into the Breach", "store": "Epic, Steam"}, {"title": "Iron Conflict", "store": "Steam"}, {"title": "Iron Harvest", "store": "Epic, Steam"}, {"title": "Iron Sky: Invasion", "store": "Steam"}, {"title": "Ironcast", "store": "Epic"}, {"title": "Ironclad Tactics", "store": "Steam"}, {"title": "IronSight", "store": "Steam"}, {"title": "Ironsmith Medieval Simulator", "store": "Steam"}, {"title": "The Isle", "store": "Steam"}, {"title": "I am not a Monster: First Contact", "store": "Steam"}, {"title": "Jack Orlando: Director's Cut", "store": "Steam"}, {"title": "Jagged Alliance 2 - Wildfire", "store": "Steam"}, {"title": "Jagged Alliance - Back in Action", "store": "Steam"}, {"title": "Jupiter Hell", "store": "Steam"}, {"title": "Jurassic World Evolution", "store": "Epic, Steam"}, {"title": "Jurassic World Evolution 2", "store": "Epic, Steam"}, {"title": "Just Cause 2", "store": "Steam"}, {"title": "Just Cause 3", "store": "Steam"}, {"title": "Just Cause 4 Reloaded", "store": "Epic, Steam"}, {"title": "Just Die Already", "store": "Epic, Steam"}, {"title": "Kathy Rain", "store": "Steam"}, {"title": "Kena: Bridge of Spirits", "store": "Epic"}, {"title": "Kenshi", "store": "Steam"}, {"title": "Kholat", "store": "Steam"}, {"title": "Kill It With Fire", "store": "Steam"}, {"title": "Killing Floor 2", "store": "Epic, Steam"}, {"title": "King's Bounty: The Legend", "store": "Steam"}, {"title": "King's Bounty: Warriors of the North", "store": "Steam"}, {"title": "King's Bounty II", "store": "Epic, Steam"}, {"title": "THE KING OF FIGHTERS XIII", "store": "Steam"}, {"title": "The King of Fighters XIV", "store": "Steam"}, {"title": "THE KING OF FIGHTERS '98 ULTIMATE MATCH FINAL EDITION", "store": "Steam"}, {"title": "King of Seas", "store": "Steam"}, {"title": "Kingdom: Classic", "store": "Steam"}, {"title": "Kingdom: New Lands", "store": "Epic, Steam"}, {"title": "Kingdom Two Crowns", "store": "Steam"}, {"title": "Kingdom Come: Deliverance", "store": "Epic, Steam"}, {"title": "Knights and Merchants", "store": "Steam"}, {"title": "Kona", "store": "Steam"}, {"title": "KurtzPel", "store": "Steam"}, {"title": "Labyrinth of Refrain: Coven of Dusk", "store": "Steam"}, {"title": "Labyrinthine Dreams", "store": "Steam"}, {"title": "LARA CROFT AND THE TEMPLE OF OSIRIS", "store": "Steam"}, {"title": "Last Epoch", "store": "Steam"}, {"title": "The Last Friend", "store": "Epic, Steam"}, {"title": "Last Oasis", "store": "Steam"}, {"title": "The Last Stand: Aftermath", "store": "Epic, Steam"}, {"title": "Last Tide", "store": "Steam"}, {"title": "League of Legends", "store": "Riot Games, Inc."}, {"title": "Left 4 Dead", "store": "Steam"}, {"title": "Left 4 Dead 2", "store": "Steam"}, {"title": "The Legend of Heroes: Trails in the Sky", "store": "Steam"}, {"title": "The Legend of Heroes: Trails in the Sky SC", "store": "Steam"}, {"title": "The Legend of Heroes: Trails in the Sky the 3rd", "store": "Steam"}, {"title": "The Legend of Heroes: Trails of Cold Steel", "store": "Steam"}, {"title": "The Legend of Heroes: Trails of Cold Steel III", "store": "Epic, Steam"}, {"title": "The Legend of Heroes: Trails of Cold Steel IV", "store": "Epic, Steam"}, {"title": "Legend of Keepers", "store": "Epic, Steam"}, {"title": "Legends of Aria", "store": "Steam"}, {"title": "Legends of Runeterra", "store": "Riot Games, Inc."}, {"title": "Legion TD 2", "store": "Steam"}, {"title": "LEGO Builder's Journey", "store": "Epic, Steam"}, {"title": "Lemnis Gate", "store": "Steam"}, {"title": "Let's Build a Zoo", "store": "Epic, Steam"}, {"title": "Lethal League", "store": "Steam"}, {"title": "Lethal League Blaze", "store": "Steam"}, {"title": "Liberated", "store": "Steam"}, {"title": "Life is Strange", "store": "Steam"}, {"title": "Life is Strange Remastered", "store": "Steam"}, {"title": "Life is Strange - Before the Storm", "store": "Steam"}, {"title": "Life is Strange: Before the Storm Remastered", "store": "Steam"}, {"title": "Life Is Strange 2", "store": "Steam"}, {"title": "Life is Strange: True Colors", "store": "Steam"}, {"title": "Lila's Sky Ark", "store": "Steam"}, {"title": "Little Big Workshop", "store": "Steam"}, {"title": "Lonely Mountains: Downhill", "store": "Steam"}, {"title": "The Long Dark", "store": "Steam"}, {"title": "Loop Hero", "store": "Epic, Steam"}, {"title": "Loopmancer Demo", "store": "Loopmancer Demo"}, {"title": "Lords Of The Fallen", "store": "Steam"}, {"title": "LOST ARK", "store": "Steam"}, {"title": "Lost At Sea", "store": "Steam"}, {"title": "Lost Castle", "store": "Steam"}, {"title": "Lost Words: Beyond the Page", "store": "Steam"}, {"title": "Lumberjack's Dynasty", "store": "Epic"}, {"title": "Lumote: The Mastermote Chronicles", "store": "Steam"}, {"title": "Lumote Demo", "store": "Lumote Demo"}, {"title": "Magic the Gathering: Arena", "store": "Wizards of the Coast, Epic"}, {"title": "Magicka", "store": "Steam"}, {"title": "Magicka 2", "store": "Steam"}, {"title": "Main Assembly", "store": "Steam"}, {"title": "Maneater", "store": "Epic, Steam"}, {"title": "MapleStory", "store": "Steam"}, {"title": "March of Empires", "store": "Steam"}, {"title": "Martha Is Dead", "store": "Epic, Steam"}, {"title": "Marvel's Avengers", "store": "Steam"}, {"title": "Marvel's Guardians of the Galaxy", "store": "Epic, Steam"}, {"title": "Mechwarrior 5: Mercenaries", "store": "Epic"}, {"title": "Medieval Dynasty", "store": "Epic, Steam"}, {"title": "Medieval Engineers", "store": "Steam"}, {"title": "The Medium", "store": "Epic, Steam"}, {"title": "Men of War: Assault Squad", "store": "Steam"}, {"title": "Men of War: Assault Squad 2", "store": "Steam"}, {"title": "MetaMorph: Dungeon Creatures", "store": "Steam"}, {"title": "Metamorphosis", "store": "Steam"}, {"title": "Metin2", "store": "Steam"}, {"title": "Metro: 2033 Redux", "store": "Epic, Steam"}, {"title": "Metro: Last Light Redux", "store": "Epic, Steam"}, {"title": "Metro Exodus", "store": "Epic, Steam"}, {"title": "Metro Exodus PC Enhanced Edition", "store": "Epic, Steam"}, {"title": "Midnight Ghost Hunt", "store": "Steam"}, {"title": "Might & Magic X Legacy", "store": "Ubisoft"}, {"title": "Might & Magic Heroes VI", "store": "Ubisoft"}, {"title": "Might & Magic Heroes VII", "store": "Ubisoft, Steam"}, {"title": "Might & Magic Heroes VII - Trial by Fire", "store": "Ubisoft, Steam"}, {"title": "Mini Ninjas", "store": "Steam"}, {"title": "Minion Masters", "store": "Steam"}, {"title": "Mirror's Edge Catalyst", "store": "Origin, Steam"}, {"title": "Miscreated", "store": "Steam"}, {"title": "Model Builder", "store": "Steam"}, {"title": "Modern Combat 5", "store": "Steam"}, {"title": "Monopoly Madness", "store": "Ubisoft"}, {"title": "MONOPOLY PLUS", "store": "Ubisoft, Steam"}, {"title": "Monster Energy Supercross - The Official Videogame 2", "store": "Steam"}, {"title": "Monster Energy Supercross - The Official Videogame 3", "store": "Steam"}, {"title": "Monster Energy Supercross - The Official Videogame 4", "store": "Steam"}, {"title": "Monster Energy Supercross - The Official Videogame 5", "store": "Steam"}, {"title": "Monster Prom", "store": "Steam"}, {"title": "Monster Sanctuary", "store": "Steam"}, {"title": "Monster Train", "store": "Steam"}, {"title": "Moonlighter", "store": "Epic, Steam"}, {"title": "Moons of Madness", "store": "Steam"}, {"title": "Morbid : les sept Acolytes", "store": "Steam"}, {"title": "MORDHAU", "store": "Steam"}, {"title": "Mordheim: City of the Damned", "store": "Steam"}, {"title": "Mortal Online 2", "store": "Steam"}, {"title": "Mortal Shell", "store": "Epic, Steam"}, {"title": "Mosaic", "store": "Steam"}, {"title": "MOTHERGUNSHIP", "store": "Steam"}, {"title": "MotoGP19", "store": "Steam"}, {"title": "MotoGP 20", "store": "Steam"}, {"title": "MotoGP21", "store": "Epic, Steam"}, {"title": "MotoGP22", "store": "Steam"}, {"title": "Mount & Blade", "store": "Steam"}, {"title": "Mount & Blade II: Bannerlord", "store": "Epic, Steam"}, {"title": "Mount & Blade: Warband", "store": "Steam"}, {"title": "Mount & Blade: With Fire & Sword", "store": "Steam"}, {"title": "Move or Die", "store": "Steam"}, {"title": "Moving Out", "store": "Epic, Steam"}, {"title": "Mr. Prepper", "store": "Steam"}, {"title": "MudRunner", "store": "Epic, Steam"}, {"title": "MUSYNX", "store": "Steam"}, {"title": "Mutant Year Zero: Road to Eden", "store": "Epic, Steam"}, {"title": "MXGP 2019 - The Official Motocross Videogame", "store": "Steam"}, {"title": "MXGP 2020 - The Official Motocross Videogame", "store": "Steam"}, {"title": "MXGP 2021 - The Official Motocross Videogame", "store": "Steam"}, {"title": "My Memory of Us", "store": "Steam"}, {"title": "My Summer Car", "store": "Steam"}, {"title": "My Time at Portia", "store": "Epic, Steam"}, {"title": "NARAKA: BLADEPOINT", "store": "Epic, Steam"}, {"title": "Narita Boy", "store": "Steam"}, {"title": "NASCAR Heat 3", "store": "Steam"}, {"title": "Necromunda: Hired Gun", "store": "Epic, Steam"}, {"title": "Necromunda: Underhive Wars", "store": "Steam"}, {"title": "Need for Speed Heat", "store": "Origin, Steam"}, {"title": "Neo Cab", "store": "Steam"}, {"title": "Neon Abyss", "store": "Epic, Steam"}, {"title": "Neptunia Virtual Stars", "store": "Steam"}, {"title": "Neptunia x SENRAN KAGURA: Ninja Wars", "store": "Steam"}, {"title": "Neverwinter", "store": "Steam"}, {"title": "New World", "store": "Steam"}, {"title": "Nex Machina", "store": "Steam"}, {"title": "Nigate Tale", "store": "Steam"}, {"title": "Night in the Woods", "store": "Epic"}, {"title": "Night of Full Moon", "store": "Steam"}, {"title": "Nine Parchments", "store": "Steam"}, {"title": "Nine to Five", "store": "Steam"}, {"title": "No Man's Sky", "store": "Steam"}, {"title": "Nobody - The Turnaround Demo", "store": "Nobody - The Turnaround Demo"}, {"title": "Northgard", "store": "Epic, Steam"}, {"title": "Not The Robots", "store": "Steam"}, {"title": "Not Tonight", "store": "Steam"}, {"title": "Not Tonight 2", "store": "Epic, Steam"}, {"title": "Oaken", "store": "Steam"}, {"title": "Obduction", "store": "Epic"}, {"title": "Observation", "store": "Epic, Steam"}, {"title": "Observer: System Redux", "store": "Epic, Steam"}, {"title": "Occupy White Walls", "store": "Steam"}, {"title": "Offworld Trading Company", "store": "Epic, Steam"}, {"title": "Old School RuneScape", "store": "Steam"}, {"title": "Old World", "store": "Epic"}, {"title": "One Hand Clapping", "store": "Epic, Steam"}, {"title": "Onmyoji", "store": "Steam"}, {"title": "Operencia: The Stolen Sun", "store": "Steam"}, {"title": "Opus Magnum", "store": "Steam"}, {"title": "Orange Cast: Sci-Fi Space Action Game", "store": "Steam"}, {"title": "Orcs Must Die! 3", "store": "Steam"}, {"title": "Order of Battle: World War II", "store": "Steam"}, {"title": "Oriental Empires", "store": "Steam"}, {"title": "Orwell: Keeping an Eye On You", "store": "Steam"}, {"title": "Ostriv", "store": "Steam"}, {"title": "Othercide", "store": "Steam"}, {"title": "Out of Reach: Treasure Royale", "store": "Steam"}, {"title": "Outland", "store": "Steam"}, {"title": "Outlast", "store": "Steam"}, {"title": "Outlast 2", "store": "Steam"}, {"title": "OUTRIDERS", "store": "Epic, Steam"}, {"title": "Outward", "store": "Steam"}, {"title": "Overcooked! All You Can Eat", "store": "Steam"}, {"title": "Overcooked", "store": "Epic, Steam"}, {"title": "Overcooked! 2", "store": "Epic, Steam"}, {"title": "OVERPASS", "store": "Epic"}, {"title": "Owlboy", "store": "Steam"}, {"title": "Oxygen Not Included", "store": "Steam"}, {"title": "Pacify", "store": "Steam"}, {"title": "Paint the Town Red", "store": "Steam"}, {"title": "Paladins", "store": "Epic, Steam"}, {"title": "Panzer Corps 2", "store": "Epic, Steam"}, {"title": "Papers, Please", "store": "Steam"}, {"title": "Paradise Killer", "store": "Steam"}, {"title": "Paradise Lost", "store": "Steam"}, {"title": "Parkasaurus", "store": "Steam"}, {"title": "Parkitect", "store": "Steam"}, {"title": "Party Hard", "store": "Steam"}, {"title": "Pascal's Wager: Definitive Edition", "store": "Steam"}, {"title": "Path of Exile", "store": "Grinding Gear Games, Epic, Steam"}, {"title": "Path Of Wuxia", "store": "Steam"}, {"title": "Pathfinder: Kingmaker - Enhanced Plus Edition", "store": "Epic, Steam"}, {"title": "Pathfinder: Wrath of the Righteous", "store": "Epic, Steam"}, {"title": "Pathologic 2", "store": "Steam"}, {"title": "Pathway", "store": "Steam"}, {"title": "Pax Nova", "store": "Steam"}, {"title": "PAYDAY 2", "store": "Steam"}, {"title": "PC Building Simulator", "store": "Epic, Steam"}, {"title": "Peaky Blinders: Mastermind", "store": "Steam"}, {"title": "The Pedestrian", "store": "Steam"}, {"title": "People Playground", "store": "Steam"}, {"title": "Per Aspera", "store": "Steam"}, {"title": "Phantom Abyss", "store": "Steam"}, {"title": "Phantom Doctrine", "store": "Steam"}, {"title": "Phasmophobia", "store": "Steam"}, {"title": "Phoenix Point: Year One Edition", "store": "Steam"}, {"title": "Pillars of Eternity", "store": "Epic, Steam"}, {"title": "Pine", "store": "Epic"}, {"title": "PixARK", "store": "Steam"}, {"title": "A Plague Tale: Innocence", "store": "Epic, Steam"}, {"title": "PLANET ALPHA", "store": "Steam"}, {"title": "Planet Coaster", "store": "Steam"}, {"title": "Planet Zoo", "store": "Steam"}, {"title": "Planetbase", "store": "Steam"}, {"title": "Planets Under Attack", "store": "Steam"}, {"title": "PlanetSide 2", "store": "Steam"}, {"title": "Plants Vs. Zombies Garden Warfare 2", "store": "Origin"}, {"title": "Pogostuck: Rage With Your Friends", "store": "Steam"}, {"title": "Poker Club", "store": "Steam"}, {"title": "Police Simulator: Patrol Officers", "store": "Steam"}, {"title": "Port Royale 4", "store": "Epic, Steam"}, {"title": "Portal", "store": "Steam"}, {"title": "Portal 2", "store": "Steam"}, {"title": "Post Scriptum", "store": "Steam"}, {"title": "POSTAL 2", "store": "Steam"}, {"title": "POSTAL 4: No Regerts", "store": "Steam"}, {"title": "POSTAL Redux", "store": "Steam"}, {"title": "Power Of Seasons", "store": "Steam"}, {"title": "Power to the People", "store": "Epic, Steam"}, {"title": "PowerWash Simulator", "store": "Steam"}, {"title": "Praetorians - HD Remaster", "store": "Steam"}, {"title": "Praey for the Gods", "store": "Steam"}, {"title": "Prehistoric Kingdom", "store": "Epic, Steam"}, {"title": "Prison Architect", "store": "Epic, Steam"}, {"title": "Pro Cycling Manager 2017", "store": "Steam"}, {"title": "Pro Cycling Manager 2018", "store": "Steam"}, {"title": "Pro Cycling Manager 2019", "store": "Steam"}, {"title": "Pro Cycling Manager 2020", "store": "Steam"}, {"title": "Pro Cycling Manager 2021", "store": "Steam"}, {"title": "Professional Fishing", "store": "Steam"}, {"title": "Project: Gorgon", "store": "Steam"}, {"title": "Project Highrise", "store": "Steam"}, {"title": "Project Winter", "store": "Steam"}, {"title": "Project Zomboid", "store": "Steam"}, {"title": "Propnight", "store": "Steam"}, {"title": "PULSAR: Lost Colony", "store": "Steam"}, {"title": "Pumpkin Jack", "store": "Steam"}, {"title": "Pure Farming 2018", "store": "Steam"}, {"title": "Q.U.B.E. 2", "store": "Steam"}, {"title": "Quest Hunter", "store": "Steam"}, {"title": "R-Type Final 2", "store": "Steam"}, {"title": "Raft", "store": "Steam"}, {"title": "RAID: World War II", "store": "Steam"}, {"title": "Railroad Corporation", "store": "Steam"}, {"title": "Railway Empire", "store": "Epic, Steam"}, {"title": "RAM Pressure", "store": "Steam"}, {"title": "Ranch Simulator", "store": "Epic, Steam"}, {"title": "Ratropolis", "store": "Steam"}, {"title": "Ravenfield", "store": "Steam"}, {"title": "Rayman Raving Rabbids", "store": "Ubisoft, Steam"}, {"title": "Rayman Origins", "store": "Ubisoft"}, {"title": "Rayman Legends", "store": "Ubisoft, Epic, Steam"}, {"title": "Re:ZERO -Starting Life in Another World- The Prophecy of the Throne", "store": "Steam"}, {"title": "Ready or Not", "store": "Steam"}, {"title": "Realm Grinder", "store": "Steam"}, {"title": "Realm Royale", "store": "Steam"}, {"title": "Recipe for Disaster", "store": "Steam"}, {"title": "Recompile", "store": "Epic, Steam"}, {"title": "Red Wings: Aces of the Sky", "store": "Steam"}, {"title": "Redout: Enhanced Edition", "store": "Epic, Steam"}, {"title": "Redout: Space Assault", "store": "Steam"}, {"title": "Reigns: Game of Thrones", "store": "Steam"}, {"title": "Remnant: From the Ashes", "store": "Epic, Steam"}, {"title": "Retro Machina", "store": "Steam"}, {"title": "REZ PLZ", "store": "Steam"}, {"title": "Rhythm Doctor", "store": "Steam"}, {"title": "Richman10", "store": "Steam"}, {"title": "RIDE 3", "store": "Steam"}, {"title": "Ride 4", "store": "Steam"}, {"title": "Riders Republic", "store": "Ubisoft"}, {"title": "The Riftbreaker", "store": "Epic, Steam"}, {"title": "The Riftbreaker: Prologue", "store": "The Riftbreaker: Prologue"}, {"title": "RiME", "store": "Steam"}, {"title": "RiMS Racing", "store": "Steam"}, {"title": "RimWorld", "store": "Epic, Steam"}, {"title": "Ring of Elysium", "store": "Steam"}, {"title": "Rise of Industry", "store": "Steam"}, {"title": "Rise of the Tomb Raider: 20 Year Celebration", "store": "Epic, Steam"}, {"title": "Risen 2: Dark Waters", "store": "Steam"}, {"title": "Risen 3 - Titan Lords", "store": "Steam"}, {"title": "Rising Storm 2: Vietnam", "store": "Epic, Steam"}, {"title": "Road 96", "store": "Epic, Steam"}, {"title": "Road Redemption", "store": "Steam"}, {"title": "Rocket League", "store": "Epic, Steam"}, {"title": "Rogue Company", "store": "Epic"}, {"title": "Rogue Heroes: Ruins of Tasos", "store": "Steam"}, {"title": "Rogue Lords", "store": "Epic, Steam"}, {"title": "Roguebook", "store": "Steam"}, {"title": "RollerCoaster Tycoon 3: Complete Edition", "store": "Epic, Steam"}, {"title": "Romans: Age of Caesar", "store": "Steam"}, {"title": "Rugby 20", "store": "Steam"}, {"title": "Rugby 22", "store": "Steam"}, {"title": "Ruined King: A League of Legends Story", "store": "Epic, Steam"}, {"title": "Rune 2", "store": "Steam"}, {"title": "RuneScape", "store": "Steam"}, {"title": "Russian Fishing 4", "store": "Steam"}, {"title": "Rust", "store": "Steam"}, {"title": "Rustler", "store": "Steam"}, {"title": "Sable", "store": "Epic, Steam"}, {"title": "Sabotaj", "store": "Steam"}, {"title": "Sacred 2 Gold", "store": "Steam"}, {"title": "Sacred 3", "store": "Steam"}, {"title": "Saints Row 2", "store": "Steam"}, {"title": "Saints Row: The Third", "store": "Steam"}, {"title": "Saints Row: The Third Remastered", "store": "Epic, Steam"}, {"title": "Saints Row IV", "store": "Steam"}, {"title": "Salt and Sanctuary", "store": "Epic, Steam"}, {"title": "SAMURAI SHODOWN", "store": "Epic"}, {"title": "SAMURAI SHODOWN NEOGEO COLLECTION", "store": "Epic, Steam"}, {"title": "Sanctum 2", "store": "Steam"}, {"title": "Satisfactory", "store": "Epic, Steam"}, {"title": "Saviors of Sapphire Wings / Stranger of Sword City Revisited", "store": "Steam"}, {"title": "Scarf", "store": "Epic, Steam"}, {"title": "Scott Pilgrim vs. The World: The Game - Complete Edition", "store": "Ubisoft, Epic"}, {"title": "ScourgeBringer", "store": "Steam"}, {"title": "SCP: Pandemic", "store": "Steam"}, {"title": "SCP: Secret Laboratory", "store": "Steam"}, {"title": "Scrap Mechanic", "store": "Steam"}, {"title": "Tai Wu Hui Juan  The Scroll Of Taiwu", "store": "Steam"}, {"title": "SCUM", "store": "Steam"}, {"title": "Sea of Craft", "store": "Steam"}, {"title": "Second Extinction", "store": "Epic, Steam"}, {"title": "Secret World Legends", "store": "Steam"}, {"title": "Seekers Demo", "store": "Seekers Demo"}, {"title": "Semblance", "store": "Steam"}, {"title": "Serial Cleaner", "store": "Steam"}, {"title": "Session: Skateboarding Sim Game", "store": "Steam"}, {"title": "The Settlers 7: History Edition", "store": "Ubisoft"}, {"title": "Severed Steel", "store": "Steam"}, {"title": "Shadow Man Remastered", "store": "Epic, Steam"}, {"title": "Shadow of the Tomb Raider  Definitive Edition", "store": "Epic, Steam"}, {"title": "Shadow Warrior 2", "store": "Steam"}, {"title": "Shadow Warrior 3", "store": "Steam"}, {"title": "Shadowrun: Dragonfall - Director's Cut", "store": "Epic, Steam"}, {"title": "Shadowrun: Hong Kong - Extended Edition", "store": "Epic, Steam"}, {"title": "Shadowrun Returns", "store": "Epic, Steam"}, {"title": "The Shattering", "store": "Steam"}, {"title": "Sheltered", "store": "Epic, Steam"}, {"title": "Sheltered 2", "store": "Steam"}, {"title": "Shenmue III", "store": "Epic"}, {"title": "Sherlock Holmes: The Devil's Daughter", "store": "Epic, Steam"}, {"title": "Shio", "store": "Steam"}, {"title": "Shiren the Wanderer: The Tower of Fortune and the Dice of Fate", "store": "Steam"}, {"title": "THE SHORE", "store": "Steam"}, {"title": "Siege Survival: Gloria Victis", "store": "Epic, Steam"}, {"title": "Sifu", "store": "Epic"}, {"title": "Silent Hunter III", "store": "Ubisoft"}, {"title": "Silver Chains", "store": "Steam"}, {"title": "Sins of a Solar Empire: Rebellion", "store": "Steam"}, {"title": "Skullgirls", "store": "Steam"}, {"title": "Skybolt Zack", "store": "Steam"}, {"title": "Skyborn", "store": "Steam"}, {"title": "Skyforge", "store": "Steam"}, {"title": "Slay the Spire", "store": "Steam"}, {"title": "Sleeping Dogs: Definitive Edition", "store": "Steam"}, {"title": "Slipways", "store": "Steam"}, {"title": "SMITE", "store": "Epic, Steam"}, {"title": "Snake Pass", "store": "Steam"}, {"title": "Sniper Elite V2 Remastered", "store": "Steam"}, {"title": "Sniper Elite 3", "store": "Steam"}, {"title": "Sniper Elite 4", "store": "Steam"}, {"title": "Sniper: Ghost Warrior 2", "store": "Steam"}, {"title": "Sniper Ghost Warrior 3", "store": "Steam"}, {"title": "Sniper Ghost Warrior Contracts", "store": "Steam"}, {"title": "Sniper Ghost Warrior Contracts 2", "store": "Steam"}, {"title": "Snooker 19", "store": "Steam"}, {"title": "SnowRunner", "store": "Epic, Steam"}, {"title": "Soda Crisis Demo", "store": "Soda Crisis Demo"}, {"title": "SOL CRESTA", "store": "Steam"}, {"title": "SOMA", "store": "Epic, Steam"}, {"title": "Song of Iron", "store": "Steam"}, {"title": "Songs of Conquest", "store": "Epic, Steam"}, {"title": "SoulWorker", "store": "Steam"}, {"title": "South Park: L'Annale du Destin", "store": "Ubisoft, Epic, Steam"}, {"title": "South Park: L'Annale du Destin", "store": "Ubisoft, Epic, Steam"}, {"title": "Space Colony: Steam Edition", "store": "Steam"}, {"title": "Space Crew: Legendary Edition", "store": "Steam"}, {"title": "Space Engineers", "store": "Steam"}, {"title": "Space Haven", "store": "Steam"}, {"title": "Space Hulk: Deathwing - Enhanced Edition", "store": "Steam"}, {"title": "Space Hulk: Tactics", "store": "Steam"}, {"title": "Space Invaders Extreme", "store": "Steam"}, {"title": "Space Punks", "store": "Epic"}, {"title": "Space Rangers HD: A War Apart", "store": "Steam"}, {"title": "Spacebase Startopia", "store": "Epic, Steam"}, {"title": "Spacelords", "store": "Steam"}, {"title": "The Spectrum Retreat", "store": "Epic"}, {"title": "Speed Brawl", "store": "Epic"}, {"title": "SpeedRunners", "store": "Steam"}, {"title": "Spellbreak", "store": "Epic, Steam"}, {"title": "SpellForce 3 Reforced", "store": "Steam"}, {"title": "SpellForce 3: Soul Harvest", "store": "Steam"}, {"title": "SpellForce - Platinum Edition", "store": "Steam"}, {"title": "SpellMaster: The Saga", "store": "Steam"}, {"title": "SPINTIRES", "store": "Steam"}, {"title": "Spirit Of The Island", "store": "Steam"}, {"title": "Spirit of the North", "store": "Steam"}, {"title": "Tom Clancy's Splinter Cell Chaos Theory", "store": "Ubisoft"}, {"title": "Splitgate", "store": "Steam"}, {"title": "SpongeBob SquarePants: Battle for Bikini Bottom - Rehydrated", "store": "Epic, Steam"}, {"title": "Squad", "store": "Steam"}, {"title": "S.T.A.L.K.E.R.: Shadow of Chernobyl", "store": "Steam"}, {"title": "S.T.A.L.K.E.R.: Clear Sky", "store": "Steam"}, {"title": "S.T.A.L.K.E.R.: Call of Pripyat", "store": "Steam"}, {"title": "Star Control: Origins", "store": "Steam"}, {"title": "Star Renegades", "store": "Steam"}, {"title": "Star Trek Online", "store": "Steam"}, {"title": "STAR WARS: Squadrons", "store": "Origin, Steam"}, {"title": "STAR WARS Battlefront II : Edition Celebration", "store": "Origin, Steam"}, {"title": "STAR WARS Jedi: Fallen Order", "store": "Origin, Steam"}, {"title": "Starbase", "store": "Steam"}, {"title": "Starbound", "store": "Steam"}, {"title": "Stardew Valley", "store": "Steam"}, {"title": "Starmancer", "store": "Steam"}, {"title": "Starpoint Gemini Warlords", "store": "Steam"}, {"title": "Startup Company", "store": "Steam"}, {"title": "Stationeers", "store": "Steam"}, {"title": "Stay Out", "store": "Steam"}, {"title": "Steel Division: Normandy 44", "store": "Steam"}, {"title": "Steel Division 2", "store": "Steam"}, {"title": "Steep", "store": "Ubisoft, Epic, Steam"}, {"title": "STEINS;GATE", "store": "Steam"}, {"title": "STEINS;GATE 0", "store": "Steam"}, {"title": "Stellaris", "store": "Steam"}, {"title": "Stick Fight: The Game", "store": "Steam"}, {"title": "Stick It to The Man!", "store": "Epic"}, {"title": "Still There", "store": "Steam"}, {"title": "Stoneshard", "store": "Steam"}, {"title": "A Story About My Uncle", "store": "Steam"}, {"title": "STORY OF SEASONS: Friends of Mineral Town", "store": "Steam"}, {"title": "STORY OF SEASONS: Pioneers of Olive Town", "store": "Steam"}, {"title": "Strange Brigade", "store": "Steam"}, {"title": "Stranger Things 3: The Game", "store": "Epic"}, {"title": "Strategic Mind: Blitzkrieg", "store": "Steam"}, {"title": "Strategic Mind: Fight for Freedom", "store": "Steam"}, {"title": "Strategic Mind: Spectre of Communism", "store": "Steam"}, {"title": "Strategic Mind: The Pacific", "store": "Steam"}, {"title": "Streets of Rage 4", "store": "Steam"}, {"title": "Streets of Rogue", "store": "Steam"}, {"title": "Stronghold: Warlords", "store": "Steam"}, {"title": "Stronghold 2: Steam Edition", "store": "Steam"}, {"title": "Stronghold 3 Gold", "store": "Steam"}, {"title": "Stronghold Crusader 2", "store": "Steam"}, {"title": "Stronghold Crusader HD", "store": "Steam"}, {"title": "Stronghold HD", "store": "Steam"}, {"title": "Stronghold Kingdoms", "store": "Steam"}, {"title": "Stronghold Legends: Steam Edition", "store": "Steam"}, {"title": "Struggling", "store": "Steam"}, {"title": "Styx: Master of Shadows", "store": "Steam"}, {"title": "Styx: Shards of Darkness", "store": "Steam"}, {"title": "Subnautica", "store": "Epic, Steam"}, {"title": "Subnautica: Below Zero", "store": "Epic, Steam"}, {"title": "Sudden Strike 4", "store": "Steam"}, {"title": "Super Animal Royale", "store": "Steam"}, {"title": "Super Magbot", "store": "Steam"}, {"title": "Super Mega Baseball 2", "store": "Steam"}, {"title": "Super Mega Baseball 3", "store": "Steam"}, {"title": "SUPERHOT", "store": "Steam"}, {"title": "SUPERHOT: MIND CONTROL DELETE", "store": "Epic, Steam"}, {"title": "Supraland", "store": "Steam"}, {"title": "Supraland Six Inches Under", "store": "Steam"}, {"title": "Supreme Commander: Forged Alliance", "store": "Steam"}, {"title": "Supreme Commander 2", "store": "Steam"}, {"title": "The Surge", "store": "Steam"}, {"title": "The Surge 2", "store": "Steam"}, {"title": "Surgeon Simulator", "store": "Steam"}, {"title": "Surgeon Simulator 2", "store": "Epic"}, {"title": "Survival Quiz CITY", "store": "Steam"}, {"title": "The Survivalists", "store": "Steam"}, {"title": "Surviving Mars", "store": "Epic, Steam"}, {"title": "Surviving The Aftermath", "store": "Epic, Steam"}, {"title": "Sword and Fairy", "store": "Steam"}, {"title": "Chinese Paladin: Sword and Fairy 2", "store": "Steam"}, {"title": "Sword and Fairy 7", "store": "Steam"}, {"title": "Swords of Legends Online", "store": "Epic, Steam"}, {"title": "Syberia: The World Before", "store": "Epic, Steam"}, {"title": "Syberia 3", "store": "Steam"}, {"title": "System Shock: Enhanced Edition", "store": "Steam"}, {"title": "Tabletop Simulator", "store": "Steam"}, {"title": "Tacoma", "store": "Epic, Steam"}, {"title": "Tainted Grail: Conquest", "store": "Steam"}, {"title": "Tale of Immortal", "store": "Steam"}, {"title": "Tale of Wuxia", "store": "\u4fa0\u5ba2\u98ce\u4e91\u4f20"}, {"title": "Tale of Wuxia: The Pre-Sequel", "store": "Steam"}, {"title": "Tales of the Neon Sea", "store": "Epic, Steam"}, {"title": "Tank Mechanic Simulator", "store": "Steam"}, {"title": "Tannenberg", "store": "Epic, Steam"}, {"title": "Team Fortress 2", "store": "Steam"}, {"title": "TERA", "store": "Steam"}, {"title": "Terminator: Resistance", "store": "Steam"}, {"title": "Terraformers", "store": "Steam"}, {"title": "Terraformers: First Steps on Mars", "store": "Terraformers: First Steps on Mars"}, {"title": "Terraria", "store": "Steam"}, {"title": "The Textorcist: The Story of Ray Bibbia", "store": "Epic"}, {"title": "Thea: The Awakening", "store": "Steam"}, {"title": "Thea 2: The Shattering", "store": "Steam"}, {"title": "They Are Billions", "store": "Steam"}, {"title": "Thief Gold", "store": "Steam"}, {"title": "Thief: Deadly Shadows", "store": "Steam"}, {"title": "Thief", "store": "Steam"}, {"title": "Thief Simulator", "store": "Steam"}, {"title": "This Is the Police", "store": "Steam"}, {"title": "This Is the Police 2", "store": "Steam"}, {"title": "This War of Mine: Final Cut", "store": "Epic, Steam"}, {"title": "Those Who Remain", "store": "Steam"}, {"title": "Three Kingdoms: The Last Warlord", "store": "Steam"}, {"title": "Thronebreaker: The Witcher Tales", "store": "gog, Steam"}, {"title": "Timberborn", "store": "Steam"}, {"title": "Titan Quest Anniversary Edition", "store": "Steam"}, {"title": "Tom Clancy's Ghost Recon", "store": "Ubisoft"}, {"title": "Tom Clancy's Ghost Recon: Future Soldier", "store": "Ubisoft"}, {"title": "Tom Clancy's Rainbow Six Lockdown", "store": "Ubisoft"}, {"title": "Tom Clancy's Rainbow Six Extraction", "store": "Ubisoft"}, {"title": "Tom Clancy's Splinter Cell Conviction", "store": "Ubisoft"}, {"title": "Tom Clancy's Rainbow Six Siege", "store": "Ubisoft, Epic, Steam"}, {"title": "Tom Clancy's Splinter Cell Blacklist", "store": "Ubisoft, Steam"}, {"title": "Tom Clancy's Splinter Cell Blacklist Deluxe Edition", "store": "Ubisoft"}, {"title": "Tomb Raider I", "store": "Steam"}, {"title": "Tomb Raider II", "store": "Steam"}, {"title": "Tomb Raider: The Last Revelation", "store": "Steam"}, {"title": "Tomb Raider: Underworld", "store": "Steam"}, {"title": "Tomb Raider", "store": "Epic, Steam"}, {"title": "Tools Up!", "store": "Steam"}, {"title": "Torchlight", "store": "Epic, Steam"}, {"title": "Torchlight II", "store": "Epic, Steam"}, {"title": "Torchlight III", "store": "Steam"}, {"title": "Totally Accurate Battle Simulator", "store": "Epic, Steam"}, {"title": "Totally Accurate Battlegrounds", "store": "Steam"}, {"title": "Totally Reliable Delivery Service", "store": "Epic"}, {"title": "Tour de France 2020", "store": "Steam"}, {"title": "Tour de France 2021", "store": "Steam"}, {"title": "Tower of Time", "store": "Steam"}, {"title": "Tower Unite", "store": "Steam"}, {"title": "Townscaper", "store": "Steam"}, {"title": "Townsmen - A Kingdom Rebuilt", "store": "Steam"}, {"title": "TrackMania2 Stadium", "store": "Ubisoft, Steam"}, {"title": "Trackmania", "store": "Ubisoft, Epic"}, {"title": "Trackmania Turbo", "store": "Ubisoft"}, {"title": "TrackMania United Forever", "store": "Steam"}, {"title": "Trailmakers", "store": "Steam"}, {"title": "Train Fever", "store": "Steam"}, {"title": "Train Life: A Railway Simulator", "store": "Epic, Steam"}, {"title": "Train Station Renovation", "store": "Steam"}, {"title": "Train Valley 2", "store": "Steam"}, {"title": "Trainz: A New Era", "store": "Steam"}, {"title": "Trainz Railroad Simulator 2019", "store": "Steam"}, {"title": "Transport Fever", "store": "Steam"}, {"title": "Transport Fever 2", "store": "Epic, Steam"}, {"title": "Tree of Savior", "store": "Steam"}, {"title": "Trek to Yomi", "store": "Epic, Steam"}, {"title": "Trials Fusion", "store": "Ubisoft"}, {"title": "Trials Rising", "store": "Ubisoft, Epic, Steam"}, {"title": "Tricky Towers", "store": "Steam"}, {"title": "Trigon: Space Story", "store": "Steam"}, {"title": "Trine Enchanted Edition", "store": "Steam"}, {"title": "Trine 2: Complete Story", "store": "Steam"}, {"title": "Trine 4: The Nightmare Prince", "store": "Steam"}, {"title": "Triton Survival", "store": "Steam"}, {"title": "Tropico 4", "store": "Steam"}, {"title": "Tropico 5", "store": "Epic, Steam"}, {"title": "Tropico 6", "store": "Epic, Steam"}, {"title": "TROUBLESHOOTER: Abandoned Children", "store": "Steam"}, {"title": "Trover Saves The Universe", "store": "Steam"}, {"title": "Truberbrook", "store": "Epic, Steam"}, {"title": "TT Isle of Man Ride on the Edge", "store": "Steam"}, {"title": "TT Isle of Man Ride on the Edge 2", "store": "Steam"}, {"title": "TUNIC", "store": "Epic, Steam"}, {"title": "Tunshi Kongming Legends Tun Shi Kong Ming Chuan ", "store": "Steam"}, {"title": "Turnip Boy Commits Tax Evasion", "store": "Steam"}, {"title": "Twin Mirror", "store": "Epic, Steam"}, {"title": "Two Point Hospital", "store": "Steam"}, {"title": "Tyranny", "store": "Epic, Steam"}, {"title": "UBOAT", "store": "Steam"}, {"title": "Ultimate Chicken Horse", "store": "Steam"}, {"title": "Ultimate Fishing Simulator", "store": "Steam"}, {"title": "ULTRAKILL", "store": "Steam"}, {"title": "UNDER NIGHT IN-BIRTH Exe:Late[cl-r]", "store": "Steam"}, {"title": "Unfortunate Spacemen", "store": "Steam"}, {"title": "Unity of Command II", "store": "Steam"}, {"title": "The Universim", "store": "Steam"}, {"title": "Unknown Fate", "store": "Steam"}, {"title": "UNO", "store": "Ubisoft, Steam"}, {"title": "Unravel Two", "store": "Origin, Steam"}, {"title": "Untitled Goose Game", "store": "Epic, Steam"}, {"title": "Unturned", "store": "Steam"}, {"title": "V-Rally 4", "store": "Steam"}, {"title": "Valheim", "store": "Steam"}, {"title": "Soldats Inconnus : Memoires de la Grande Guerre", "store": "Ubisoft"}, {"title": "Valley", "store": "Steam"}, {"title": "Vampire The Masquerade: Bloodhunt", "store": "Steam"}, {"title": "Vampyr", "store": "Epic, Steam"}, {"title": "The Vanishing of Ethan Carter", "store": "Epic"}, {"title": "Verdun", "store": "Epic, Steam"}, {"title": "Vesper", "store": "Steam"}, {"title": "Victoria II", "store": "Steam"}, {"title": "Vigil: The Longest Night", "store": "Steam"}, {"title": "Vikings - Wolves of Midgard", "store": "Steam"}, {"title": "Voidtrain", "store": "Epic"}, {"title": "Wanba Warriors", "store": "Steam"}, {"title": "War of Rights", "store": "Steam"}, {"title": "War Robots", "store": "Steam"}, {"title": "War Thunder", "store": "Gaijin Entertainment, Steam"}, {"title": "Warface", "store": "Mail.ru Group, Steam"}, {"title": "Warframe", "store": "Digital Extremes, Epic, Steam"}, {"title": "Wargame: Airland Battle", "store": "Steam"}, {"title": "Wargame: European Escalation", "store": "Steam"}, {"title": "Wargame: Red Dragon", "store": "Epic, Steam"}, {"title": "Wargroove", "store": "Steam"}, {"title": "Warhammer: Chaosbane", "store": "Steam"}, {"title": "Warhammer: End Times - Vermintide", "store": "Steam"}, {"title": "Warhammer: Vermintide 2", "store": "Steam"}, {"title": "Warhammer 40,000: Battlesector", "store": "Epic, Steam"}, {"title": "Warhammer 40,000: Chaos Gate - Daemonhunters", "store": "Epic, Steam"}, {"title": "Warhammer 40,000: Gladius - Relics of War", "store": "Epic, Steam"}, {"title": "Warhammer 40,000: Inquisitor - Martyr", "store": "Steam"}, {"title": "Warhammer 40,000: Inquisitor - Prophecy", "store": "Steam"}, {"title": "Warhammer 40,000: Mechanicus", "store": "Steam"}, {"title": "Warhammer Age of Sigmar: Storm Ground", "store": "Steam"}, {"title": "Warhammer Underworlds Online", "store": "Steam"}, {"title": "Warlock: Master of the Arcane Complete Collection", "store": "Steam"}, {"title": "Warm Snow", "store": "Steam"}, {"title": "Warm Snow Demo", "store": "Warm Snow Demo"}, {"title": "WARNO", "store": "Steam"}, {"title": "Warstride Challenges", "store": "Steam"}, {"title": "Wartales", "store": "Steam"}, {"title": "Watch_Dogs", "store": "Ubisoft, Steam"}, {"title": "Watch_Dogs 2", "store": "Ubisoft, Epic, Steam"}, {"title": "Watch Dogs: Legion", "store": "Ubisoft, Epic"}, {"title": "Weird West", "store": "Epic, Steam"}, {"title": "Welcome to the Game II", "store": "Steam"}, {"title": "Werewolf: The Apocalypse - Earthblood", "store": "Epic, Steam"}, {"title": "Werewolf: The Apocalypse - Heart of the Forest", "store": "Steam"}, {"title": "West of Dead", "store": "Steam"}, {"title": "When Ski Lifts Go Wrong", "store": "Steam"}, {"title": "Where The Water Tastes Like Wine", "store": "Epic"}, {"title": "White Shadows", "store": "Steam"}, {"title": "The Wild Eight", "store": "Steam"}, {"title": "Wildermyth", "store": "Steam"}, {"title": "Will To Live Online", "store": "Steam"}, {"title": "The Wind Road", "store": "Steam"}, {"title": "Windbound", "store": "Epic, Steam"}, {"title": "The Witcher: Enhanced Edition Director's Cut", "store": "Steam"}, {"title": "The Witcher 2: Assassins of Kings", "store": "gog, Steam"}, {"title": "The Witcher 3: Wild Hunt", "store": "Steam"}, {"title": "The Witcher 3: Wild Hunt - Edition Jeu de l'annee", "store": "gog, Epic"}, {"title": "The Witcher Adventure Game", "store": "gog"}, {"title": "Wobbledogs", "store": "Steam"}, {"title": "Wolcen: Lords of Mayhem", "store": "Steam"}, {"title": "The Wonderful 101: Remastered", "store": "Steam"}, {"title": "Workers & Resources: Soviet Republic", "store": "Steam"}, {"title": "World of Tanks", "store": "Wargaming Group Limited, Steam"}, {"title": "World of Tanks Blitz", "store": "Steam"}, {"title": "World of Warplanes", "store": "Wargaming Group Limited, Steam"}, {"title": "World of Warships", "store": "Wargaming Group Limited, Epic, Steam"}, {"title": "World War Z: Aftermath", "store": "Epic, Steam"}, {"title": "Worms Armageddon", "store": "Steam"}, {"title": "Worms Clan Wars", "store": "Steam"}, {"title": "Worms Reloaded", "store": "Steam"}, {"title": "Worms Rumble", "store": "Steam"}, {"title": "Worms W.M.D", "store": "Steam"}, {"title": "WRC 7 FIA World Rally Championship", "store": "Steam"}, {"title": "WRC 8 FIA World Rally Championship", "store": "Epic, Steam"}, {"title": "WRC 9 FIA World Rally Championship", "store": "Epic, Steam"}, {"title": "WRC 10 FIA World Rally Championship", "store": "Epic, Steam"}, {"title": "Wreckfest", "store": "Steam"}, {"title": "Wrench", "store": "Steam"}, {"title": "Wurm Unlimited", "store": "Steam"}, {"title": "Wushu Chronicles", "store": "Steam"}, {"title": "X3: Albion Prelude", "store": "Steam"}, {"title": "X3: Farnham's Legacy", "store": "Steam"}, {"title": "X3: Reunion", "store": "Steam"}, {"title": "X3: Terran Conflict", "store": "Steam"}, {"title": "X4: Foundations", "store": "Steam"}, {"title": "X-Morph: Defense", "store": "Steam"}, {"title": "X Rebirth", "store": "Steam"}, {"title": "XERA: Survival", "store": "Steam"}, {"title": "XIII", "store": "Steam"}, {"title": "Xuan-Yuan Sword VII", "store": "Steam"}, {"title": "Xuan Yuan Sword: The Gate of Firmament", "store": "Steam"}, {"title": "Yes, Your Grace", "store": "Epic, Steam"}, {"title": "Yet Another Zombie Defense HD", "store": "Steam"}, {"title": "Ylands", "store": "Steam"}, {"title": "Yoku's Island Express", "store": "Epic, Steam"}, {"title": "Yooka-Laylee", "store": "Epic, Steam"}, {"title": "Yooka-Laylee and the Impossible Lair", "store": "Epic, Steam"}, {"title": "Ys: Memories of Celceta", "store": "Steam"}, {"title": "Ys IX: Monstrum Nox", "store": "Epic, Steam"}, {"title": "Ys Origin", "store": "Steam"}, {"title": "Ys VIII: Lacrimosa of DANA", "store": "Steam"}, {"title": "Yuppie Psycho: Executive Edition", "store": "Steam"}, {"title": "Zanki Zero: Last Beginning", "store": "Steam"}, {"title": "Zelter", "store": "Steam"}, {"title": "Zero Escape: The Nonary Games", "store": "Steam"}, {"title": "Zero Hour", "store": "Steam"}, {"title": "Ziggurat 2", "store": "Steam"}, {"title": "Zombie Army 4", "store": "Epic, Steam"}, {"title": "Zombie Army Trilogy", "store": "Steam"}]