[{"title": "Dungeon Defenders", "url": "https://www.instant-gaming.com/en/1699-buy-game-steam-dungeon-defenders/", "store": "steam-dungeon-defenders", "discount": "64", "price": "4.48"}, {"title": "Furi", "url": "https://www.instant-gaming.com/en/1696-buy-game-steam-furi/", "store": "steam-furi", "discount": "78", "price": "4.33"}, {"title": "Far Cry", "url": "https://www.instant-gaming.com/en/1595-buy-far-cry-pc-game-ubisoft-connect/", "store": "ubisoft-connect", "discount": "70", "price": "3.04"}, {"title": "Left 4 Dead", "url": "https://www.instant-gaming.com/en/1589-buy-game-steam-left-4-dead/", "store": "steam-left-4-dead", "discount": "31", "price": "5.68"}, {"title": "Half Life 1 Anthology", "url": "https://www.instant-gaming.com/en/1588-buy-half-life-1-anthology-pc-game-steam/", "store": "steam", "discount": "64", "price": "3.99"}, {"title": "TrackMania2 Stadium", "url": "https://www.instant-gaming.com/en/1544-buy-trackmania%c2%b2-stadium-pc-game-steam/", "store": "steam", "discount": "46", "price": "5.39"}, {"title": "Tabletop Simulator", "url": "https://www.instant-gaming.com/en/1539-buy-tabletop-simulator-pc-mac-game-steam/", "store": "steam", "discount": "22", "price": "15.59"}, {"title": "Epistory", "url": "https://www.instant-gaming.com/en/1531-buy-game-steam-epistory/", "store": "steam-epistory", "discount": "86", "price": "2.15"}, {"title": "Offworld Trading Company", "url": "https://www.instant-gaming.com/en/1415-buy-offworld-trading-company-pc-mac-game-steam/", "store": "steam", "discount": "88", "price": "2.99"}, {"title": "Rust", "url": "https://www.instant-gaming.com/en/1230-buy-game-steam-rust/", "store": "steam-rust", "discount": "1", "price": "39.42"}, {"title": "Portal", "url": "https://www.instant-gaming.com/en/1158-buy-game-steam-portal/", "store": "steam-portal", "discount": "75", "price": "2.04"}, {"title": "Wurm Unlimited", "url": "https://www.instant-gaming.com/en/1121-buy-game-steam-wurm-unlimited/", "store": "steam-wurm-unlimited", "discount": "87", "price": "3.52"}, {"title": "Trigon Space Story", "url": "https://www.instant-gaming.com/en/10964-buy-trigon-space-story-pc-mac-game-steam/", "store": "steam", "discount": "50", "price": "9.99"}, {"title": "Vampire The Masquerade - Bloodhunt", "url": "https://www.instant-gaming.com/en/10962-download-vampire-the-masquerade-bloodhunt-pc-game-steam/", "store": "steam", "discount": "0", "price": "0"}, {"title": "Far Cry Primal", "url": "https://www.instant-gaming.com/en/1084-buy-far-cry-primal-pc-game-ubisoft-connect/", "store": "ubisoft-connect", "discount": "91", "price": "4.54"}, {"title": "Ironsmith Medieval Simulator", "url": "https://www.instant-gaming.com/en/10420-buy-ironsmith-medieval-simulator-pc-game-steam/", "store": "steam", "discount": "0", "price": "0"}, {"title": "SpellMaster The Saga", "url": "https://www.instant-gaming.com/en/10392-buy-spellmaster-the-saga-pc-game-steam/", "store": "steam", "discount": "0", "price": "0"}, {"title": "Mortal Online 2", "url": "https://www.instant-gaming.com/en/10364-buy-mortal-online-2-pc-game-steam/", "store": "steam", "discount": "0", "price": "0"}, {"title": "Blacksmith Legends", "url": "https://www.instant-gaming.com/en/10271-buy-blacksmith-legends-pc-game-steam/", "store": "steam", "discount": "0", "price": "0"}, {"title": "Sea of Craft", "url": "https://www.instant-gaming.com/en/10216-buy-sea-of-craft-pc-game-steam/", "store": "steam", "discount": "0", "price": "0"}, {"title": "SCARF", "url": "https://www.instant-gaming.com/en/10137-buy-scarf-pc-game-steam/", "store": "steam", "discount": "24", "price": "11.45"}]