[{"title": "EARTHLOCK: Festival of Magic", "urlIG": "https://www.instant-gaming.com/fr/1639-acheter-earthlock-festival-of-magic-pc-mac-jeu-steam/", "titleIG": "EARTHLOCK: Festival of Magic", "priceIG": "14.71\u20ac", "pageIG": "63", "discountIG": "-26%", "imgCoverIG": "https://s2.gaming-cdn.com/images/products/1639/380x218/earthlock-festival-of-magic-pc-mac-jeu-steam-cover.jpg"}, {"title": "Laser Disco Defenders", "urlIG": "https://www.instant-gaming.com/fr/1638-acheter-laser-disco-defenders-pc-mac-jeu-steam/", "titleIG": "Laser Disco Defenders", "priceIG": "1.93\u20ac", "pageIG": "63", "discountIG": "-79%", "imgCoverIG": "https://s2.gaming-cdn.com/images/products/1639/380x218/earthlock-festival-of-magic-pc-mac-jeu-steam-cover.jpg"}, {"title": "Crush Your Enemies", "urlIG": "https://www.instant-gaming.com/fr/1614-acheter-crush-your-enemies-pc-mac-jeu-steam/", "titleIG": "Crush Your Enemies", "priceIG": "1.53\u20ac", "pageIG": "63", "discountIG": "-85%", "imgCoverIG": "https://s2.gaming-cdn.com/images/products/1639/380x218/earthlock-festival-of-magic-pc-mac-jeu-steam-cover.jpg"}, {"title": "Starpoint Gemini", "urlIG": "https://www.instant-gaming.com/fr/1585-acheter-starpoint-gemini-pc-jeu-steam/", "titleIG": "Starpoint Gemini", "priceIG": "2.99\u20ac", "pageIG": "63", "discountIG": "-79%", "imgCoverIG": "https://s2.gaming-cdn.com/images/products/1639/380x218/earthlock-festival-of-magic-pc-mac-jeu-steam-cover.jpg"}, {"title": "Star Wars Jedi Knight: Mysteries of the Sith", "urlIG": "https://www.instant-gaming.com/fr/1578-acheter-star-wars-jedi-knight-mysteries-of-the-sith-pc-jeu-steam/", "titleIG": "Star Wars Jedi Knight: Mysteries of the Sith", "priceIG": "1.00\u20ac", "pageIG": "63", "discountIG": "-58%", "imgCoverIG": "https://s2.gaming-cdn.com/images/products/1639/380x218/earthlock-festival-of-magic-pc-mac-jeu-steam-cover.jpg"}, {"title": "They Bleed Pixels", "urlIG": "https://www.instant-gaming.com/fr/1561-acheter-they-bleed-pixels-pc-mac-jeu-steam/", "titleIG": "They Bleed Pixels", "priceIG": "1.81\u20ac", "pageIG": "63", "discountIG": "-82%", "imgCoverIG": "https://s2.gaming-cdn.com/images/products/1639/380x218/earthlock-festival-of-magic-pc-mac-jeu-steam-cover.jpg"}, {"title": "Sonic & All-Stars Racing Transformed", "urlIG": "https://www.instant-gaming.com/fr/1550-acheter-jeu-steam-sonic-all-stars-racing-transformed/", "titleIG": "Sonic & All-Stars Racing Transformed", "priceIG": "6.64\u20ac", "pageIG": "63", "discountIG": "-67%", "imgCoverIG": "https://s2.gaming-cdn.com/images/products/1639/380x218/earthlock-festival-of-magic-pc-mac-jeu-steam-cover.jpg"}, {"title": "LUFTRAUSERS", "urlIG": "https://www.instant-gaming.com/fr/1536-acheter-luftrausers-pc-mac-jeu-steam/", "titleIG": "LUFTRAUSERS", "priceIG": "3.99\u20ac", "pageIG": "63", "discountIG": "-56%", "imgCoverIG": "https://s2.gaming-cdn.com/images/products/1639/380x218/earthlock-festival-of-magic-pc-mac-jeu-steam-cover.jpg"}, {"title": "TRON RUN/r", "urlIG": "https://www.instant-gaming.com/fr/1508-acheter-tron-run-r-pc-jeu-steam/", "titleIG": "TRON RUN/r", "priceIG": "2.05\u20ac", "pageIG": "63", "discountIG": "-88%", "imgCoverIG": "https://s2.gaming-cdn.com/images/products/1639/380x218/earthlock-festival-of-magic-pc-mac-jeu-steam-cover.jpg"}, {"title": "I Am Setsuna", "urlIG": "https://www.instant-gaming.com/fr/1502-acheter-i-am-setsuna-pc-jeu-steam/", "titleIG": "I Am Setsuna", "priceIG": "18.49\u20ac", "pageIG": "63", "discountIG": "-54%", "imgCoverIG": "https://s2.gaming-cdn.com/images/products/1639/380x218/earthlock-festival-of-magic-pc-mac-jeu-steam-cover.jpg"}, {"title": "Football, Tactics & Glory", "urlIG": "https://www.instant-gaming.com/fr/1490-acheter-football-tactics-et-glory-pc-jeu-steam/", "titleIG": "Football, Tactics & Glory", "priceIG": "6.39\u20ac", "pageIG": "63", "discountIG": "-74%", "imgCoverIG": "https://s2.gaming-cdn.com/images/products/1639/380x218/earthlock-festival-of-magic-pc-mac-jeu-steam-cover.jpg"}, {"title": "Evil Genius", "urlIG": "https://www.instant-gaming.com/fr/1488-acheter-evil-genius-pc-jeu-steam/", "titleIG": "Evil Genius", "priceIG": "1.90\u20ac", "pageIG": "63", "discountIG": "-81%", "imgCoverIG": "https://s2.gaming-cdn.com/images/products/1639/380x218/earthlock-festival-of-magic-pc-mac-jeu-steam-cover.jpg"}, {"title": "Raiden Legacy Steam Edition", "urlIG": "https://www.instant-gaming.com/fr/1483-acheter-raiden-legacy-steam-edition-pc-jeu-steam/", "titleIG": "Raiden Legacy Steam Edition", "priceIG": "3.99\u20ac", "pageIG": "63", "discountIG": "-60%", "imgCoverIG": "https://s2.gaming-cdn.com/images/products/1639/380x218/earthlock-festival-of-magic-pc-mac-jeu-steam-cover.jpg"}, {"title": "Sanctum", "urlIG": "https://www.instant-gaming.com/fr/1453-acheter-jeu-steam-sanctum/", "titleIG": "Sanctum", "priceIG": "2.34\u20ac", "pageIG": "63", "discountIG": "-77%", "imgCoverIG": "https://s2.gaming-cdn.com/images/products/1639/380x218/earthlock-festival-of-magic-pc-mac-jeu-steam-cover.jpg"}, {"title": "FarSky", "urlIG": "https://www.instant-gaming.com/fr/1452-acheter-farsky-pc-mac-jeu-steam/", "titleIG": "FarSky", "priceIG": "1.67\u20ac", "pageIG": "63", "discountIG": "-30%", "imgCoverIG": "https://s2.gaming-cdn.com/images/products/1639/380x218/earthlock-festival-of-magic-pc-mac-jeu-steam-cover.jpg"}, {"title": "Space Run Galaxy", "urlIG": "https://www.instant-gaming.com/fr/1441-acheter-space-run-galaxy-pc-jeu-steam/", "titleIG": "Space Run Galaxy", "priceIG": "3.59\u20ac", "pageIG": "63", "discountIG": "-64%", "imgCoverIG": "https://s2.gaming-cdn.com/images/products/1639/380x218/earthlock-festival-of-magic-pc-mac-jeu-steam-cover.jpg"}, {"title": "No thing", "urlIG": "https://www.instant-gaming.com/fr/1433-acheter-no-thing-pc-mac-jeu-steam/", "titleIG": "No thing", "priceIG": "1.13\u20ac", "pageIG": "63", "discountIG": "-72%", "imgCoverIG": "https://s2.gaming-cdn.com/images/products/1639/380x218/earthlock-festival-of-magic-pc-mac-jeu-steam-cover.jpg"}, {"title": "Julai", "urlIG": "https://www.instant-gaming.com/fr/1431-acheter-julai-pc-jeu-steam/", "titleIG": "Julai", "priceIG": "3.97\u20ac", "pageIG": "63", "discountIG": "-20%", "imgCoverIG": "https://s2.gaming-cdn.com/images/products/1639/380x218/earthlock-festival-of-magic-pc-mac-jeu-steam-cover.jpg"}, {"title": "AdvertCity", "urlIG": "https://www.instant-gaming.com/fr/1423-acheter-advertcity-pc-mac-jeu-steam/", "titleIG": "AdvertCity", "priceIG": "2.50\u20ac", "pageIG": "63", "discountIG": "-87%", "imgCoverIG": "https://s2.gaming-cdn.com/images/products/1639/380x218/earthlock-festival-of-magic-pc-mac-jeu-steam-cover.jpg"}, {"title": "Galactineers", "urlIG": "https://www.instant-gaming.com/fr/1418-acheter-galactineers-pc-jeu-steam/", "titleIG": "Galactineers", "priceIG": "2.84\u20ac", "pageIG": "63", "discountIG": "-53%", "imgCoverIG": "https://s2.gaming-cdn.com/images/products/1639/380x218/earthlock-festival-of-magic-pc-mac-jeu-steam-cover.jpg"}, {"title": "Glitchrunners", "urlIG": "https://www.instant-gaming.com/fr/1388-acheter-glitchrunners-pc-mac-jeu-steam/", "titleIG": "Glitchrunners", "priceIG": "2.71\u20ac", "pageIG": "63", "discountIG": "-79%", "imgCoverIG": "https://s2.gaming-cdn.com/images/products/1639/380x218/earthlock-festival-of-magic-pc-mac-jeu-steam-cover.jpg"}, {"title": "Tallowmere", "urlIG": "https://www.instant-gaming.com/fr/1376-acheter-tallowmere-pc-mac-jeu-steam/", "titleIG": "Tallowmere", "priceIG": "1.93\u20ac", "pageIG": "63", "discountIG": "-41%", "imgCoverIG": "https://s2.gaming-cdn.com/images/products/1639/380x218/earthlock-festival-of-magic-pc-mac-jeu-steam-cover.jpg"}, {"title": "Asteroid Bounty Hunter", "urlIG": "https://www.instant-gaming.com/fr/1364-acheter-asteroid-bounty-hunter-pc-mac-jeu-steam/", "titleIG": "Asteroid Bounty Hunter", "priceIG": "1.00\u20ac", "pageIG": "63", "discountIG": "-91%", "imgCoverIG": "https://s2.gaming-cdn.com/images/products/1639/380x218/earthlock-festival-of-magic-pc-mac-jeu-steam-cover.jpg"}, {"title": "Adam's Venture: Origins", "urlIG": "https://www.instant-gaming.com/fr/1360-acheter-adam-s-venture-origins-pc-jeu-steam/", "titleIG": "Adam's Venture: Origins", "priceIG": "3.99\u20ac", "pageIG": "63", "discountIG": "-73%", "imgCoverIG": "https://s2.gaming-cdn.com/images/products/1639/380x218/earthlock-festival-of-magic-pc-mac-jeu-steam-cover.jpg"}, {"title": "Werewolves Within", "urlIG": "https://www.instant-gaming.com/fr/1357-acheter-werewolves-within-pc-jeu-steam/", "titleIG": "Werewolves Within", "priceIG": "10.49\u20ac", "pageIG": "63", "discountIG": "-48%", "imgCoverIG": "https://s2.gaming-cdn.com/images/products/1639/380x218/earthlock-festival-of-magic-pc-mac-jeu-steam-cover.jpg"}, {"title": "Divinity: Dragon Commander", "urlIG": "https://www.instant-gaming.com/fr/1354-acheter-divinity-dragon-commander-pc-jeu-steam/", "titleIG": "Divinity: Dragon Commander", "priceIG": "7.38\u20ac", "pageIG": "63", "discountIG": "-82%", "imgCoverIG": "https://s2.gaming-cdn.com/images/products/1639/380x218/earthlock-festival-of-magic-pc-mac-jeu-steam-cover.jpg"}, {"title": "IS Defense", "urlIG": "https://www.instant-gaming.com/fr/1347-acheter-is-defense-pc-jeu-steam/", "titleIG": "IS Defense", "priceIG": "3.09\u20ac", "pageIG": "63", "discountIG": "-41%", "imgCoverIG": "https://s2.gaming-cdn.com/images/products/1639/380x218/earthlock-festival-of-magic-pc-mac-jeu-steam-cover.jpg"}, {"title": "Rugby Union Team Manager 2015", "urlIG": "https://www.instant-gaming.com/fr/1342-acheter-rugby-union-team-manager-2015-pc-jeu-steam/", "titleIG": "Rugby Union Team Manager 2015", "priceIG": "14.20\u20ac", "pageIG": "63", "discountIG": "-16%", "imgCoverIG": "https://s2.gaming-cdn.com/images/products/1639/380x218/earthlock-festival-of-magic-pc-mac-jeu-steam-cover.jpg"}, {"title": "Heaven\u00b4s Hope", "urlIG": "https://www.instant-gaming.com/fr/1317-acheter-heaven-s-hope-pc-jeu-steam/", "titleIG": "Heaven\u00b4s Hope", "priceIG": "6.90\u20ac", "pageIG": "63", "discountIG": "-31%", "imgCoverIG": "https://s2.gaming-cdn.com/images/products/1639/380x218/earthlock-festival-of-magic-pc-mac-jeu-steam-cover.jpg"}, {"title": "The Bug Butcher", "urlIG": "https://www.instant-gaming.com/fr/1277-acheter-the-bug-butcher-pc-mac-jeu-steam/", "titleIG": "The Bug Butcher", "priceIG": "1.97\u20ac", "pageIG": "63", "discountIG": "-75%", "imgCoverIG": "https://s2.gaming-cdn.com/images/products/1639/380x218/earthlock-festival-of-magic-pc-mac-jeu-steam-cover.jpg"}, {"title": "Anomaly: Warzone Earth", "urlIG": "https://www.instant-gaming.com/fr/1276-acheter-anomaly-warzone-earth-pc-mac-jeu-steam/", "titleIG": "Anomaly: Warzone Earth", "priceIG": "1.69\u20ac", "pageIG": "63", "discountIG": "-83%", "imgCoverIG": "https://s2.gaming-cdn.com/images/products/1639/380x218/earthlock-festival-of-magic-pc-mac-jeu-steam-cover.jpg"}, {"title": "Undercover Missions: Operation Kursk K-141", "urlIG": "https://www.instant-gaming.com/fr/1272-acheter-undercover-missions-operation-kursk-k-141-pc-jeu-steam/", "titleIG": "Undercover Missions: Operation Kursk K-141", "priceIG": "2.93\u20ac", "pageIG": "63", "discountIG": "-71%", "imgCoverIG": "https://s2.gaming-cdn.com/images/products/1639/380x218/earthlock-festival-of-magic-pc-mac-jeu-steam-cover.jpg"}, {"title": "Helicopter 2015: Natural Disasters", "urlIG": "https://www.instant-gaming.com/fr/1269-acheter-helicopter-2015-natural-disasters-pc-jeu-steam/", "titleIG": "Helicopter 2015: Natural Disasters", "priceIG": "3.70\u20ac", "pageIG": "63", "discountIG": "-63%", "imgCoverIG": "https://s2.gaming-cdn.com/images/products/1639/380x218/earthlock-festival-of-magic-pc-mac-jeu-steam-cover.jpg"}, {"title": "AIPD - Artificial Intelligence Police Department", "urlIG": "https://www.instant-gaming.com/fr/1265-acheter-aipd-artificial-intelligence-police-department-pc-jeu-steam/", "titleIG": "AIPD - Artificial Intelligence Police Department", "priceIG": "2.49\u20ac", "pageIG": "63", "discountIG": "-75%", "imgCoverIG": "https://s2.gaming-cdn.com/images/products/1639/380x218/earthlock-festival-of-magic-pc-mac-jeu-steam-cover.jpg"}, {"title": "Still Life", "urlIG": "https://www.instant-gaming.com/fr/1243-acheter-still-life-pc-jeu-steam/", "titleIG": "Still Life", "priceIG": "1.02\u20ac", "pageIG": "63", "discountIG": "-87%", "imgCoverIG": "https://s2.gaming-cdn.com/images/products/1639/380x218/earthlock-festival-of-magic-pc-mac-jeu-steam-cover.jpg"}, {"title": "SanctuaryRPG: Black Edition", "urlIG": "https://www.instant-gaming.com/fr/1241-acheter-sanctuaryrpg-black-edition-black-edition-pc-jeu-steam/", "titleIG": "SanctuaryRPG: Black Edition", "priceIG": "1.99\u20ac", "pageIG": "63", "discountIG": "-70%", "imgCoverIG": "https://s2.gaming-cdn.com/images/products/1639/380x218/earthlock-festival-of-magic-pc-mac-jeu-steam-cover.jpg"}, {"title": "Cities in Motion Collection", "urlIG": "https://www.instant-gaming.com/fr/1231-acheter-cities-in-motion-collection-pc-jeu-steam/", "titleIG": "Cities in Motion Collection", "priceIG": "5.02\u20ac", "pageIG": "63", "discountIG": "-75%", "imgCoverIG": "https://s2.gaming-cdn.com/images/products/1639/380x218/earthlock-festival-of-magic-pc-mac-jeu-steam-cover.jpg"}, {"title": "Rise of the Triad", "urlIG": "https://www.instant-gaming.com/fr/1228-acheter-rise-of-the-triad-pc-jeu-steam/", "titleIG": "Rise of the Triad", "priceIG": "1.77\u20ac", "pageIG": "63", "discountIG": "-88%", "imgCoverIG": "https://s2.gaming-cdn.com/images/products/1639/380x218/earthlock-festival-of-magic-pc-mac-jeu-steam-cover.jpg"}, {"title": "Binary Domain", "urlIG": "https://www.instant-gaming.com/fr/12-acheter-binary-domain-pc-jeu-steam/", "titleIG": "Binary Domain", "priceIG": "3.67\u20ac", "pageIG": "63", "discountIG": "-76%", "imgCoverIG": "https://s2.gaming-cdn.com/images/products/1639/380x218/earthlock-festival-of-magic-pc-mac-jeu-steam-cover.jpg"}, {"title": "ShipLord", "urlIG": "https://www.instant-gaming.com/fr/1183-acheter-shiplord-pc-mac-jeu-steam/", "titleIG": "ShipLord", "priceIG": "1.01\u20ac", "pageIG": "63", "discountIG": "-91%", "imgCoverIG": "https://s2.gaming-cdn.com/images/products/1639/380x218/earthlock-festival-of-magic-pc-mac-jeu-steam-cover.jpg"}, {"title": "Starpoint Gemini 2", "urlIG": "https://www.instant-gaming.com/fr/1177-acheter-starpoint-gemini-2-pc-jeu-steam/", "titleIG": "Starpoint Gemini 2", "priceIG": "5.99\u20ac", "pageIG": "63", "discountIG": "-81%", "imgCoverIG": "https://s2.gaming-cdn.com/images/products/1639/380x218/earthlock-festival-of-magic-pc-mac-jeu-steam-cover.jpg"}, {"title": "Bound by Flame", "urlIG": "https://www.instant-gaming.com/fr/1150-acheter-bound-by-flame-pc-jeu-steam/", "titleIG": "Bound by Flame", "priceIG": "3.35\u20ac", "pageIG": "63", "discountIG": "-52%", "imgCoverIG": "https://s2.gaming-cdn.com/images/products/1639/380x218/earthlock-festival-of-magic-pc-mac-jeu-steam-cover.jpg"}, {"title": "Conflicks - Revolutionary Space Battles", "urlIG": "https://www.instant-gaming.com/fr/1135-acheter-conflicks-revolutionary-space-battles-pc-mac-jeu-steam/", "titleIG": "Conflicks - Revolutionary Space Battles", "priceIG": "4.51\u20ac", "pageIG": "63", "discountIG": "-21%", "imgCoverIG": "https://s2.gaming-cdn.com/images/products/1639/380x218/earthlock-festival-of-magic-pc-mac-jeu-steam-cover.jpg"}, {"title": "Symphony", "urlIG": "https://www.instant-gaming.com/fr/1134-acheter-symphony-pc-mac-jeu-steam/", "titleIG": "Symphony", "priceIG": "2.84\u20ac", "pageIG": "63", "discountIG": "-29%", "imgCoverIG": "https://s2.gaming-cdn.com/images/products/1639/380x218/earthlock-festival-of-magic-pc-mac-jeu-steam-cover.jpg"}, {"title": "Townsmen VR", "urlIG": "https://www.instant-gaming.com/fr/11047-acheter-townsmen-vr-pc-jeu-steam/", "titleIG": "Townsmen VR", "priceIG": "26.69\u20ac", "pageIG": "63", "discountIG": "-33%", "imgCoverIG": "https://s2.gaming-cdn.com/images/products/1639/380x218/earthlock-festival-of-magic-pc-mac-jeu-steam-cover.jpg"}, {"title": "200% Mixed Juice!", "urlIG": "https://www.instant-gaming.com/fr/10969-acheter-200-mixed-juice-pc-jeu-steam/", "titleIG": "200% Mixed Juice!", "priceIG": "1.87\u20ac", "pageIG": "63", "discountIG": "-67%", "imgCoverIG": "https://s2.gaming-cdn.com/images/products/1639/380x218/earthlock-festival-of-magic-pc-mac-jeu-steam-cover.jpg"}, {"title": "Seven Days", "urlIG": "https://www.instant-gaming.com/fr/10967-acheter-seven-days-pc-jeu-steam/", "titleIG": "Seven Days", "priceIG": "16.47\u20ac", "pageIG": "63", "discountIG": "-52%", "imgCoverIG": "https://s2.gaming-cdn.com/images/products/1639/380x218/earthlock-festival-of-magic-pc-mac-jeu-steam-cover.jpg"}, {"title": "Kick-Ass 2", "urlIG": "https://www.instant-gaming.com/fr/10951-acheter-kick-ass-2-pc-jeu-steam/", "titleIG": "Kick-Ass 2", "priceIG": "9.65\u20ac", "pageIG": "63", "discountIG": "-36%", "imgCoverIG": "https://s2.gaming-cdn.com/images/products/1639/380x218/earthlock-festival-of-magic-pc-mac-jeu-steam-cover.jpg"}, {"title": "Bike Rush", "urlIG": "https://www.instant-gaming.com/fr/10938-acheter-bike-rush-pc-jeu-steam/", "titleIG": "Bike Rush", "priceIG": "3.97\u20ac", "pageIG": "63", "discountIG": "-1%", "imgCoverIG": "https://s2.gaming-cdn.com/images/products/1639/380x218/earthlock-festival-of-magic-pc-mac-jeu-steam-cover.jpg"}, {"title": "Skyhill", "urlIG": "https://www.instant-gaming.com/fr/1089-acheter-skyhill-pc-mac-jeu-steam/", "titleIG": "Skyhill", "priceIG": "2.09\u20ac", "pageIG": "63", "discountIG": "-79%", "imgCoverIG": "https://s2.gaming-cdn.com/images/products/1639/380x218/earthlock-festival-of-magic-pc-mac-jeu-steam-cover.jpg"}, {"title": "Aspect", "urlIG": "https://www.instant-gaming.com/fr/10804-acheter-aspect-pc-jeu-steam/", "titleIG": "Aspect", "priceIG": "1.01\u20ac", "pageIG": "63", "discountIG": "-44%", "imgCoverIG": "https://s2.gaming-cdn.com/images/products/1639/380x218/earthlock-festival-of-magic-pc-mac-jeu-steam-cover.jpg"}, {"title": "Lucifer WIthin Us", "urlIG": "https://www.instant-gaming.com/fr/10792-acheter-lucifer-within-us-pc-mac-jeu-steam/", "titleIG": "Lucifer WIthin Us", "priceIG": "8.52\u20ac", "pageIG": "63", "discountIG": "-47%", "imgCoverIG": "https://s2.gaming-cdn.com/images/products/1639/380x218/earthlock-festival-of-magic-pc-mac-jeu-steam-cover.jpg"}, {"title": "Stairs", "urlIG": "https://www.instant-gaming.com/fr/1077-acheter-stairs-pc-jeu-steam/", "titleIG": "Stairs", "priceIG": "8.80\u20ac", "pageIG": "63", "discountIG": "-32%", "imgCoverIG": "https://s2.gaming-cdn.com/images/products/1639/380x218/earthlock-festival-of-magic-pc-mac-jeu-steam-cover.jpg"}, {"title": "Jotun: Valhalla Edition", "urlIG": "https://www.instant-gaming.com/fr/1076-acheter-jotun-valhalla-edition-pc-mac-jeu-steam/", "titleIG": "Jotun: Valhalla Edition", "priceIG": "3.69\u20ac", "pageIG": "63", "discountIG": "-75%", "imgCoverIG": "https://s2.gaming-cdn.com/images/products/1639/380x218/earthlock-festival-of-magic-pc-mac-jeu-steam-cover.jpg"}, {"title": "Tallowmere 2: Curse of the Kittens", "urlIG": "https://www.instant-gaming.com/fr/10727-acheter-tallowmere-2-curse-of-the-kittens-pc-mac-jeu-steam/", "titleIG": "Tallowmere 2: Curse of the Kittens", "priceIG": "6.68\u20ac", "pageIG": "63", "discountIG": "-26%", "imgCoverIG": "https://s2.gaming-cdn.com/images/products/1639/380x218/earthlock-festival-of-magic-pc-mac-jeu-steam-cover.jpg"}, {"title": "Stellar Warfare", "urlIG": "https://www.instant-gaming.com/fr/10726-acheter-stellar-warfare-pc-jeu-steam/", "titleIG": "Stellar Warfare", "priceIG": "11.79\u20ac", "pageIG": "63", "discountIG": "-30%", "imgCoverIG": "https://s2.gaming-cdn.com/images/products/1639/380x218/earthlock-festival-of-magic-pc-mac-jeu-steam-cover.jpg"}, {"title": "Seeds of Resilience", "urlIG": "https://www.instant-gaming.com/fr/10725-acheter-seeds-of-resilience-pc-mac-jeu-steam/", "titleIG": "Seeds of Resilience", "priceIG": "5.20\u20ac", "pageIG": "63", "discountIG": "-63%", "imgCoverIG": "https://s2.gaming-cdn.com/images/products/1639/380x218/earthlock-festival-of-magic-pc-mac-jeu-steam-cover.jpg"}, {"title": "ARIDA: Backland's Awakening", "urlIG": "https://www.instant-gaming.com/fr/10723-acheter-arida-backland-s-awakening-pc-jeu-steam/", "titleIG": "ARIDA: Backland's Awakening", "priceIG": "2.35\u20ac", "pageIG": "63", "discountIG": "-59%", "imgCoverIG": "https://s2.gaming-cdn.com/images/products/1639/380x218/earthlock-festival-of-magic-pc-mac-jeu-steam-cover.jpg"}, {"title": "Neurodeck : Psychological Deckbuilder", "urlIG": "https://www.instant-gaming.com/fr/10721-acheter-neurodeck-psychological-deckbuilder-pc-mac-jeu-steam/", "titleIG": "Neurodeck : Psychological Deckbuilder", "priceIG": "4.95\u20ac", "pageIG": "63", "discountIG": "-59%", "imgCoverIG": "https://s2.gaming-cdn.com/images/products/1639/380x218/earthlock-festival-of-magic-pc-mac-jeu-steam-cover.jpg"}, {"title": "Spectrolite", "urlIG": "https://www.instant-gaming.com/fr/10719-acheter-spectrolite-pc-jeu-steam/", "titleIG": "Spectrolite", "priceIG": "7.43\u20ac", "pageIG": "63", "discountIG": "-50%", "imgCoverIG": "https://s2.gaming-cdn.com/images/products/1639/380x218/earthlock-festival-of-magic-pc-mac-jeu-steam-cover.jpg"}, {"title": "Jane's Advanced Strike Fighters", "urlIG": "https://www.instant-gaming.com/fr/10718-acheter-jane-s-advanced-strike-fighters-pc-jeu-steam/", "titleIG": "Jane's Advanced Strike Fighters", "priceIG": "6.25\u20ac", "pageIG": "64", "discountIG": "-37%", "imgCoverIG": "https://s3.gaming-cdn.com/images/products/10718/380x218/jane-s-advanced-strike-fighters-pc-jeu-steam-cover.jpg"}, {"title": "Mokoko X", "urlIG": "https://www.instant-gaming.com/fr/10714-acheter-mokoko-x-pc-mac-jeu-steam/", "titleIG": "Mokoko X", "priceIG": "4.79\u20ac", "pageIG": "64", "discountIG": "-42%", "imgCoverIG": "https://s3.gaming-cdn.com/images/products/10718/380x218/jane-s-advanced-strike-fighters-pc-jeu-steam-cover.jpg"}, {"title": "Gomo", "urlIG": "https://www.instant-gaming.com/fr/10706-acheter-gomo-pc-mac-jeu-steam/", "titleIG": "Gomo", "priceIG": "1.00\u20ac", "pageIG": "64", "discountIG": "-80%", "imgCoverIG": "https://s3.gaming-cdn.com/images/products/10718/380x218/jane-s-advanced-strike-fighters-pc-jeu-steam-cover.jpg"}, {"title": "Abermore", "urlIG": "https://www.instant-gaming.com/fr/10680-acheter-abermore-pc-jeu-steam/", "titleIG": "Abermore", "priceIG": "11.36\u20ac", "pageIG": "64", "discountIG": "-29%", "imgCoverIG": "https://s3.gaming-cdn.com/images/products/10718/380x218/jane-s-advanced-strike-fighters-pc-jeu-steam-cover.jpg"}, {"title": "Bionic Commando: Rearmed", "urlIG": "https://www.instant-gaming.com/fr/10635-acheter-bionic-commando-rearmed-rearmed-pc-jeu-steam/", "titleIG": "Bionic Commando: Rearmed", "priceIG": "2.99\u20ac", "pageIG": "64", "discountIG": "-67%", "imgCoverIG": "https://s3.gaming-cdn.com/images/products/10718/380x218/jane-s-advanced-strike-fighters-pc-jeu-steam-cover.jpg"}, {"title": "Greak: Memories of Azur Deluxe Edition", "urlIG": "https://www.instant-gaming.com/fr/10629-acheter-greak-memories-of-azur-deluxe-edition-deluxe-edition-pc-jeu-steam/", "titleIG": "Greak: Memories of Azur Deluxe Edition", "priceIG": "12.49\u20ac", "pageIG": "64", "discountIG": "-60%", "imgCoverIG": "https://s3.gaming-cdn.com/images/products/10718/380x218/jane-s-advanced-strike-fighters-pc-jeu-steam-cover.jpg"}, {"title": "Pompom", "urlIG": "https://www.instant-gaming.com/fr/10601-acheter-pompom-pc-mac-jeu-steam/", "titleIG": "Pompom", "priceIG": "8.99\u20ac", "pageIG": "64", "discountIG": "-40%", "imgCoverIG": "https://s3.gaming-cdn.com/images/products/10718/380x218/jane-s-advanced-strike-fighters-pc-jeu-steam-cover.jpg"}, {"title": "What Lies in the Multiverse Deluxe Edition", "urlIG": "https://www.instant-gaming.com/fr/10587-acheter-what-lies-in-the-multiverse-deluxe-edition-deluxe-edition-pc-jeu-steam/", "titleIG": "What Lies in the Multiverse Deluxe Edition", "priceIG": "7.67\u20ac", "pageIG": "64", "discountIG": "-57%", "imgCoverIG": "https://s3.gaming-cdn.com/images/products/10718/380x218/jane-s-advanced-strike-fighters-pc-jeu-steam-cover.jpg"}, {"title": "Inside My Radio Digital Deluxe Edition", "urlIG": "https://www.instant-gaming.com/fr/10553-acheter-inside-my-radio-digital-deluxe-edition-digital-deluxe-pc-jeu-steam/", "titleIG": "Inside My Radio Digital Deluxe Edition", "priceIG": "2.69\u20ac", "pageIG": "64", "discountIG": "-86%", "imgCoverIG": "https://s3.gaming-cdn.com/images/products/10718/380x218/jane-s-advanced-strike-fighters-pc-jeu-steam-cover.jpg"}, {"title": "Inside My Radio", "urlIG": "https://www.instant-gaming.com/fr/10552-acheter-inside-my-radio-pc-jeu-steam/", "titleIG": "Inside My Radio", "priceIG": "1.18\u20ac", "pageIG": "64", "discountIG": "-76%", "imgCoverIG": "https://s3.gaming-cdn.com/images/products/10718/380x218/jane-s-advanced-strike-fighters-pc-jeu-steam-cover.jpg"}, {"title": "Zombie Rollerz: Pinball Heroes", "urlIG": "https://www.instant-gaming.com/fr/10544-acheter-zombie-rollerz-pinball-heroes-pc-jeu-steam/", "titleIG": "Zombie Rollerz: Pinball Heroes", "priceIG": "9.64\u20ac", "pageIG": "64", "discountIG": "-36%", "imgCoverIG": "https://s3.gaming-cdn.com/images/products/10718/380x218/jane-s-advanced-strike-fighters-pc-jeu-steam-cover.jpg"}, {"title": "SimpleMovie", "urlIG": "https://www.instant-gaming.com/fr/10529-acheter-simplemovie-pc-jeu-steam/", "titleIG": "SimpleMovie", "priceIG": "2.50\u20ac", "pageIG": "64", "discountIG": "-69%", "imgCoverIG": "https://s3.gaming-cdn.com/images/products/10718/380x218/jane-s-advanced-strike-fighters-pc-jeu-steam-cover.jpg"}, {"title": "Hegemony Gold: Wars of Ancient Greece", "urlIG": "https://www.instant-gaming.com/fr/10528-acheter-hegemony-gold-wars-of-ancient-greece-pc-jeu-steam/", "titleIG": "Hegemony Gold: Wars of Ancient Greece", "priceIG": "7.38\u20ac", "pageIG": "64", "discountIG": "-51%", "imgCoverIG": "https://s3.gaming-cdn.com/images/products/10718/380x218/jane-s-advanced-strike-fighters-pc-jeu-steam-cover.jpg"}, {"title": "Wreckin' Ball Adventure", "urlIG": "https://www.instant-gaming.com/fr/10526-acheter-wreckin-ball-adventure-pc-jeu-steam/", "titleIG": "Wreckin' Ball Adventure", "priceIG": "2.50\u20ac", "pageIG": "64", "discountIG": "-50%", "imgCoverIG": "https://s3.gaming-cdn.com/images/products/10718/380x218/jane-s-advanced-strike-fighters-pc-jeu-steam-cover.jpg"}, {"title": "Unearthing Mars VR", "urlIG": "https://www.instant-gaming.com/fr/10525-acheter-unearthing-mars-vr-pc-jeu-steam/", "titleIG": "Unearthing Mars VR", "priceIG": "9.65\u20ac", "pageIG": "64", "discountIG": "-36%", "imgCoverIG": "https://s3.gaming-cdn.com/images/products/10718/380x218/jane-s-advanced-strike-fighters-pc-jeu-steam-cover.jpg"}, {"title": "Terroir", "urlIG": "https://www.instant-gaming.com/fr/10522-acheter-terroir-pc-mac-jeu-steam/", "titleIG": "Terroir", "priceIG": "5.11\u20ac", "pageIG": "64", "discountIG": "-22%", "imgCoverIG": "https://s3.gaming-cdn.com/images/products/10718/380x218/jane-s-advanced-strike-fighters-pc-jeu-steam-cover.jpg"}, {"title": "Mega Overload VR", "urlIG": "https://www.instant-gaming.com/fr/10520-acheter-mega-overload-vr-pc-jeu-steam/", "titleIG": "Mega Overload VR", "priceIG": "6.07\u20ac", "pageIG": "64", "discountIG": "-60%", "imgCoverIG": "https://s3.gaming-cdn.com/images/products/10718/380x218/jane-s-advanced-strike-fighters-pc-jeu-steam-cover.jpg"}, {"title": "Racing Glider", "urlIG": "https://www.instant-gaming.com/fr/10519-acheter-racing-glider-pc-jeu-steam/", "titleIG": "Racing Glider", "priceIG": "2.84\u20ac", "pageIG": "64", "discountIG": "-50%", "imgCoverIG": "https://s3.gaming-cdn.com/images/products/10718/380x218/jane-s-advanced-strike-fighters-pc-jeu-steam-cover.jpg"}, {"title": "Fobia", "urlIG": "https://www.instant-gaming.com/fr/10517-acheter-fobia-pc-mac-jeu-steam/", "titleIG": "Fobia", "priceIG": "3.06\u20ac", "pageIG": "64", "discountIG": "-39%", "imgCoverIG": "https://s3.gaming-cdn.com/images/products/10718/380x218/jane-s-advanced-strike-fighters-pc-jeu-steam-cover.jpg"}, {"title": "AntVentor", "urlIG": "https://www.instant-gaming.com/fr/10514-acheter-antventor-pc-mac-jeu-steam/", "titleIG": "AntVentor", "priceIG": "3.29\u20ac", "pageIG": "64", "discountIG": "-34%", "imgCoverIG": "https://s3.gaming-cdn.com/images/products/10718/380x218/jane-s-advanced-strike-fighters-pc-jeu-steam-cover.jpg"}, {"title": "A Room Beyond", "urlIG": "https://www.instant-gaming.com/fr/10512-acheter-a-room-beyond-pc-mac-jeu-steam/", "titleIG": "A Room Beyond", "priceIG": "5.20\u20ac", "pageIG": "64", "discountIG": "-35%", "imgCoverIG": "https://s3.gaming-cdn.com/images/products/10718/380x218/jane-s-advanced-strike-fighters-pc-jeu-steam-cover.jpg"}, {"title": "Fairy Fencer F", "urlIG": "https://www.instant-gaming.com/fr/1050-acheter-fairy-fencer-f-pc-jeu-steam/", "titleIG": "Fairy Fencer F", "priceIG": "3.39\u20ac", "pageIG": "64", "discountIG": "-59%", "imgCoverIG": "https://s3.gaming-cdn.com/images/products/10718/380x218/jane-s-advanced-strike-fighters-pc-jeu-steam-cover.jpg"}, {"title": "HordeCore", "urlIG": "https://www.instant-gaming.com/fr/10491-acheter-hordecore-pc-jeu-steam/", "titleIG": "HordeCore", "priceIG": "6.80\u20ac", "pageIG": "64", "discountIG": "-32%", "imgCoverIG": "https://s3.gaming-cdn.com/images/products/10718/380x218/jane-s-advanced-strike-fighters-pc-jeu-steam-cover.jpg"}, {"title": "Inua - A Story in Ice and Time", "urlIG": "https://www.instant-gaming.com/fr/10489-acheter-inua-a-story-in-ice-and-time-pc-mac-jeu-steam/", "titleIG": "Inua - A Story in Ice and Time", "priceIG": "10.22\u20ac", "pageIG": "64", "discountIG": "-32%", "imgCoverIG": "https://s3.gaming-cdn.com/images/products/10718/380x218/jane-s-advanced-strike-fighters-pc-jeu-steam-cover.jpg"}, {"title": "Time Rift", "urlIG": "https://www.instant-gaming.com/fr/10488-acheter-time-rift-pc-jeu-steam/", "titleIG": "Time Rift", "priceIG": "8.23\u20ac", "pageIG": "64", "discountIG": "-18%", "imgCoverIG": "https://s3.gaming-cdn.com/images/products/10718/380x218/jane-s-advanced-strike-fighters-pc-jeu-steam-cover.jpg"}, {"title": "Plentypede", "urlIG": "https://www.instant-gaming.com/fr/10481-acheter-plentypede-pc-jeu-steam/", "titleIG": "Plentypede", "priceIG": "6.99\u20ac", "pageIG": "64", "discountIG": "-30%", "imgCoverIG": "https://s3.gaming-cdn.com/images/products/10718/380x218/jane-s-advanced-strike-fighters-pc-jeu-steam-cover.jpg"}, {"title": "Derpy Conga", "urlIG": "https://www.instant-gaming.com/fr/10460-acheter-derpy-conga-pc-jeu-steam/", "titleIG": "Derpy Conga", "priceIG": "13.23\u20ac", "pageIG": "64", "discountIG": "-17%", "imgCoverIG": "https://s3.gaming-cdn.com/images/products/10718/380x218/jane-s-advanced-strike-fighters-pc-jeu-steam-cover.jpg"}, {"title": "Letters - a written adventure", "urlIG": "https://www.instant-gaming.com/fr/10442-acheter-letters-a-written-adventure-pc-mac-jeu-steam/", "titleIG": "Letters - a written adventure", "priceIG": "10.22\u20ac", "pageIG": "64", "discountIG": "-32%", "imgCoverIG": "https://s3.gaming-cdn.com/images/products/10718/380x218/jane-s-advanced-strike-fighters-pc-jeu-steam-cover.jpg"}, {"title": "What Lies in the Multiverse", "urlIG": "https://www.instant-gaming.com/fr/10401-acheter-what-lies-in-the-multiverse-pc-jeu-steam/", "titleIG": "What Lies in the Multiverse", "priceIG": "6.81\u20ac", "pageIG": "64", "discountIG": "-55%", "imgCoverIG": "https://s3.gaming-cdn.com/images/products/10718/380x218/jane-s-advanced-strike-fighters-pc-jeu-steam-cover.jpg"}, {"title": "Bassmaster Fishing 2022 Deluxe Edition", "urlIG": "https://www.instant-gaming.com/fr/10391-acheter-bassmaster-fishing-2022-deluxe-edition-deluxe-edition-pc-jeu-steam/", "titleIG": "Bassmaster Fishing 2022 Deluxe Edition", "priceIG": "24.99\u20ac", "pageIG": "64", "discountIG": "-38%", "imgCoverIG": "https://s3.gaming-cdn.com/images/products/10718/380x218/jane-s-advanced-strike-fighters-pc-jeu-steam-cover.jpg"}, {"title": "Ragnorium", "urlIG": "https://www.instant-gaming.com/fr/10385-acheter-ragnorium-pc-jeu-steam/", "titleIG": "Ragnorium", "priceIG": "18.99\u20ac", "pageIG": "64", "discountIG": "-10%", "imgCoverIG": "https://s3.gaming-cdn.com/images/products/10718/380x218/jane-s-advanced-strike-fighters-pc-jeu-steam-cover.jpg"}, {"title": "Newfound Courage", "urlIG": "https://www.instant-gaming.com/fr/10384-acheter-newfound-courage-pc-mac-jeu-steam/", "titleIG": "Newfound Courage", "priceIG": "3.18\u20ac", "pageIG": "64", "discountIG": "-55%", "imgCoverIG": "https://s3.gaming-cdn.com/images/products/10718/380x218/jane-s-advanced-strike-fighters-pc-jeu-steam-cover.jpg"}, {"title": "Essays on Empathy", "urlIG": "https://www.instant-gaming.com/fr/10382-acheter-essays-on-empathy-pc-jeu-steam/", "titleIG": "Essays on Empathy", "priceIG": "9.65\u20ac", "pageIG": "64", "discountIG": "-16%", "imgCoverIG": "https://s3.gaming-cdn.com/images/products/10718/380x218/jane-s-advanced-strike-fighters-pc-jeu-steam-cover.jpg"}, {"title": "Chessaria: The Tactical Adventure (Chess)", "urlIG": "https://www.instant-gaming.com/fr/10378-acheter-chessaria-the-tactical-adventure-chess-pc-mac-jeu-steam/", "titleIG": "Chessaria: The Tactical Adventure (Chess)", "priceIG": "6.70\u20ac", "pageIG": "64", "discountIG": "-66%", "imgCoverIG": "https://s3.gaming-cdn.com/images/products/10718/380x218/jane-s-advanced-strike-fighters-pc-jeu-steam-cover.jpg"}, {"title": "Boomerang X", "urlIG": "https://www.instant-gaming.com/fr/10375-acheter-boomerang-x-pc-jeu-steam/", "titleIG": "Boomerang X", "priceIG": "15.34\u20ac", "pageIG": "64", "discountIG": "-23%", "imgCoverIG": "https://s3.gaming-cdn.com/images/products/10718/380x218/jane-s-advanced-strike-fighters-pc-jeu-steam-cover.jpg"}, {"title": "8-Bit Hordes", "urlIG": "https://www.instant-gaming.com/fr/10367-acheter-8-bit-hordes-pc-jeu-steam/", "titleIG": "8-Bit Hordes", "priceIG": "8.43\u20ac", "pageIG": "64", "discountIG": "-44%", "imgCoverIG": "https://s3.gaming-cdn.com/images/products/10718/380x218/jane-s-advanced-strike-fighters-pc-jeu-steam-cover.jpg"}, {"title": "Sugar Story", "urlIG": "https://www.instant-gaming.com/fr/10363-acheter-sugar-story-pc-jeu-steam/", "titleIG": "Sugar Story", "priceIG": "1.92\u20ac", "pageIG": "64", "discountIG": "-20%", "imgCoverIG": "https://s3.gaming-cdn.com/images/products/10718/380x218/jane-s-advanced-strike-fighters-pc-jeu-steam-cover.jpg"}, {"title": "Valfaris Digital Deluxe Edition", "urlIG": "https://www.instant-gaming.com/fr/10343-acheter-valfaris-digital-deluxe-edition-digital-deluxe-pc-jeu-steam/", "titleIG": "Valfaris Digital Deluxe Edition", "priceIG": "12.47\u20ac", "pageIG": "64", "discountIG": "-58%", "imgCoverIG": "https://s3.gaming-cdn.com/images/products/10718/380x218/jane-s-advanced-strike-fighters-pc-jeu-steam-cover.jpg"}, {"title": "Clid The Snail", "urlIG": "https://www.instant-gaming.com/fr/10338-acheter-clid-the-snail-pc-jeu-steam/", "titleIG": "Clid The Snail", "priceIG": "10.22\u20ac", "pageIG": "64", "discountIG": "-49%", "imgCoverIG": "https://s3.gaming-cdn.com/images/products/10718/380x218/jane-s-advanced-strike-fighters-pc-jeu-steam-cover.jpg"}, {"title": "Strategic Mind: Spectre of Communism", "urlIG": "https://www.instant-gaming.com/fr/10337-acheter-strategic-mind-spectre-of-communism-pc-jeu-steam/", "titleIG": "Strategic Mind: Spectre of Communism", "priceIG": "14.29\u20ac", "pageIG": "64", "discountIG": "-43%", "imgCoverIG": "https://s3.gaming-cdn.com/images/products/10718/380x218/jane-s-advanced-strike-fighters-pc-jeu-steam-cover.jpg"}, {"title": "Strategic Mind: Blitzkrieg", "urlIG": "https://www.instant-gaming.com/fr/10336-acheter-strategic-mind-blitzkrieg-pc-jeu-steam/", "titleIG": "Strategic Mind: Blitzkrieg", "priceIG": "18.04\u20ac", "pageIG": "64", "discountIG": "-47%", "imgCoverIG": "https://s3.gaming-cdn.com/images/products/10718/380x218/jane-s-advanced-strike-fighters-pc-jeu-steam-cover.jpg"}, {"title": "Landlord's Super", "urlIG": "https://www.instant-gaming.com/fr/10335-acheter-landlord-s-super-pc-jeu-steam/", "titleIG": "Landlord's Super", "priceIG": "11.10\u20ac", "pageIG": "64", "discountIG": "-34%", "imgCoverIG": "https://s3.gaming-cdn.com/images/products/10718/380x218/jane-s-advanced-strike-fighters-pc-jeu-steam-cover.jpg"}, {"title": "The Amazing American Circus - The Ringmaster's Edition", "urlIG": "https://www.instant-gaming.com/fr/10331-acheter-the-amazing-american-circus-the-ringmasters-edition-ringmasters-edition-pc-jeu-steam/", "titleIG": "The Amazing American Circus - The Ringmaster's Edition", "priceIG": "12.43\u20ac", "pageIG": "64", "discountIG": "-58%", "imgCoverIG": "https://s3.gaming-cdn.com/images/products/10718/380x218/jane-s-advanced-strike-fighters-pc-jeu-steam-cover.jpg"}, {"title": "The Amazing American Circus", "urlIG": "https://www.instant-gaming.com/fr/10330-acheter-the-amazing-american-circus-pc-jeu-steam/", "titleIG": "The Amazing American Circus", "priceIG": "8.36\u20ac", "pageIG": "64", "discountIG": "-58%", "imgCoverIG": "https://s3.gaming-cdn.com/images/products/10718/380x218/jane-s-advanced-strike-fighters-pc-jeu-steam-cover.jpg"}, {"title": "Ancient Enemy", "urlIG": "https://www.instant-gaming.com/fr/10329-acheter-ancient-enemy-pc-jeu-steam/", "titleIG": "Ancient Enemy", "priceIG": "3.64\u20ac", "pageIG": "64", "discountIG": "-71%", "imgCoverIG": "https://s3.gaming-cdn.com/images/products/10718/380x218/jane-s-advanced-strike-fighters-pc-jeu-steam-cover.jpg"}, {"title": "Hyperdrive Massacre", "urlIG": "https://www.instant-gaming.com/fr/10320-acheter-hyperdrive-massacre-pc-mac-jeu-steam/", "titleIG": "Hyperdrive Massacre", "priceIG": "2.45\u20ac", "pageIG": "64", "discountIG": "-75%", "imgCoverIG": "https://s3.gaming-cdn.com/images/products/10718/380x218/jane-s-advanced-strike-fighters-pc-jeu-steam-cover.jpg"}, {"title": "Shadowrun: Hong Kong - Extended Edition", "urlIG": "https://www.instant-gaming.com/fr/1032-acheter-shadowrun-hong-kong-extended-edition-pc-mac-jeu-steam/", "titleIG": "Shadowrun: Hong Kong - Extended Edition", "priceIG": "1.93\u20ac", "pageIG": "64", "discountIG": "-90%", "imgCoverIG": "https://s3.gaming-cdn.com/images/products/10718/380x218/jane-s-advanced-strike-fighters-pc-jeu-steam-cover.jpg"}, {"title": "River City Melee Mach!!", "urlIG": "https://www.instant-gaming.com/fr/10319-acheter-river-city-melee-mach-pc-jeu-steam/", "titleIG": "River City Melee Mach!!", "priceIG": "3.99\u20ac", "pageIG": "64", "discountIG": "-65%", "imgCoverIG": "https://s3.gaming-cdn.com/images/products/10718/380x218/jane-s-advanced-strike-fighters-pc-jeu-steam-cover.jpg"}, {"title": "Mars or Die!", "urlIG": "https://www.instant-gaming.com/fr/10317-acheter-mars-or-die-pc-jeu-steam/", "titleIG": "Mars or Die!", "priceIG": "4.89\u20ac", "pageIG": "64", "discountIG": "-76%", "imgCoverIG": "https://s3.gaming-cdn.com/images/products/10718/380x218/jane-s-advanced-strike-fighters-pc-jeu-steam-cover.jpg"}, {"title": "Pix the Cat", "urlIG": "https://www.instant-gaming.com/fr/10298-acheter-pix-the-cat-pc-mac-jeu-steam/", "titleIG": "Pix the Cat", "priceIG": "4.75\u20ac", "pageIG": "64", "discountIG": "-5%", "imgCoverIG": "https://s3.gaming-cdn.com/images/products/10718/380x218/jane-s-advanced-strike-fighters-pc-jeu-steam-cover.jpg"}, {"title": "The Signal State", "urlIG": "https://www.instant-gaming.com/fr/10294-acheter-the-signal-state-pc-jeu-steam/", "titleIG": "The Signal State", "priceIG": "14.20\u20ac", "pageIG": "64", "discountIG": "-16%", "imgCoverIG": "https://s3.gaming-cdn.com/images/products/10718/380x218/jane-s-advanced-strike-fighters-pc-jeu-steam-cover.jpg"}, {"title": "Beyond Mankind: The Awakening", "urlIG": "https://www.instant-gaming.com/fr/10289-acheter-beyond-mankind-the-awakening-pc-jeu-steam/", "titleIG": "Beyond Mankind: The Awakening", "priceIG": "9.48\u20ac", "pageIG": "64", "discountIG": "-44%", "imgCoverIG": "https://s3.gaming-cdn.com/images/products/10718/380x218/jane-s-advanced-strike-fighters-pc-jeu-steam-cover.jpg"}, {"title": "Bubsy: The Woolies Strike Back", "urlIG": "https://www.instant-gaming.com/fr/10288-acheter-bubsy-the-woolies-strike-back-pc-jeu-steam/", "titleIG": "Bubsy: The Woolies Strike Back", "priceIG": "9.81\u20ac", "pageIG": "64", "discountIG": "-51%", "imgCoverIG": "https://s3.gaming-cdn.com/images/products/10718/380x218/jane-s-advanced-strike-fighters-pc-jeu-steam-cover.jpg"}, {"title": "The Crow's Eye", "urlIG": "https://www.instant-gaming.com/fr/10261-acheter-the-crows-eye-pc-jeu-steam/", "titleIG": "The Crow's Eye", "priceIG": "2.04\u20ac", "pageIG": "64", "discountIG": "-75%", "imgCoverIG": "https://s3.gaming-cdn.com/images/products/10718/380x218/jane-s-advanced-strike-fighters-pc-jeu-steam-cover.jpg"}, {"title": "Reverie Knights Tactics", "urlIG": "https://www.instant-gaming.com/fr/10245-acheter-reverie-knights-tactics-pc-jeu-steam/", "titleIG": "Reverie Knights Tactics", "priceIG": "15.05\u20ac", "pageIG": "64", "discountIG": "-40%", "imgCoverIG": "https://s3.gaming-cdn.com/images/products/10718/380x218/jane-s-advanced-strike-fighters-pc-jeu-steam-cover.jpg"}, {"title": "Tower Of God: One Wish", "urlIG": "https://www.instant-gaming.com/fr/10239-acheter-tower-of-god-one-wish-pc-mac-jeu-steam/", "titleIG": "Tower Of God: One Wish", "priceIG": "4.54\u20ac", "pageIG": "64", "discountIG": "-31%", "imgCoverIG": "https://s3.gaming-cdn.com/images/products/10718/380x218/jane-s-advanced-strike-fighters-pc-jeu-steam-cover.jpg"}, {"title": "Terrain of Magical Expertise", "urlIG": "https://www.instant-gaming.com/fr/10238-acheter-terrain-of-magical-expertise-pc-jeu-steam/", "titleIG": "Terrain of Magical Expertise", "priceIG": "17.35\u20ac", "pageIG": "64", "discountIG": "-31%", "imgCoverIG": "https://s3.gaming-cdn.com/images/products/10718/380x218/jane-s-advanced-strike-fighters-pc-jeu-steam-cover.jpg"}, {"title": "Anomaly Defenders", "urlIG": "https://www.instant-gaming.com/fr/10235-acheter-anomaly-defenders-pc-mac-jeu-steam/", "titleIG": "Anomaly Defenders", "priceIG": "1.00\u20ac", "pageIG": "64", "discountIG": "-90%", "imgCoverIG": "https://s3.gaming-cdn.com/images/products/10718/380x218/jane-s-advanced-strike-fighters-pc-jeu-steam-cover.jpg"}, {"title": "Wrack", "urlIG": "https://www.instant-gaming.com/fr/10231-acheter-wrack-pc-jeu-steam/", "titleIG": "Wrack", "priceIG": "1.13\u20ac", "pageIG": "64", "discountIG": "-89%", "imgCoverIG": "https://s3.gaming-cdn.com/images/products/10718/380x218/jane-s-advanced-strike-fighters-pc-jeu-steam-cover.jpg"}, {"title": "\u541e\u98df\u5b54\u660e\u4f20 Tunshi Kongming Legends", "urlIG": "https://www.instant-gaming.com/fr/10230-acheter-tun-shi-kong-ming-chuan-tunshi-kongming-legends-pc-jeu-steam/", "titleIG": "\u541e\u98df\u5b54\u660e\u4f20 Tunshi Kongming Legends", "priceIG": "3.89\u20ac", "pageIG": "64", "discountIG": "-54%", "imgCoverIG": "https://s3.gaming-cdn.com/images/products/10718/380x218/jane-s-advanced-strike-fighters-pc-jeu-steam-cover.jpg"}, {"title": "OlliOlli World Rad Edition", "urlIG": "https://www.instant-gaming.com/fr/10226-acheter-olliolli-world-rad-edition-rad-edition-pc-jeu-steam/", "titleIG": "OlliOlli World Rad Edition", "priceIG": "33.89\u20ac", "pageIG": "65", "discountIG": "-18%", "imgCoverIG": "https://s3.gaming-cdn.com/images/products/10226/380x218/olliolli-world-rad-edition-rad-edition-pc-jeu-steam-cover.jpg"}, {"title": "Blackguard Franchise Bundle", "urlIG": "https://www.instant-gaming.com/fr/1021-acheter-blackguard-franchise-bundle-pc-jeu-steam/", "titleIG": "Blackguard Franchise Bundle", "priceIG": "3.12\u20ac", "pageIG": "65", "discountIG": "-79%", "imgCoverIG": "https://s3.gaming-cdn.com/images/products/10226/380x218/olliolli-world-rad-edition-rad-edition-pc-jeu-steam-cover.jpg"}, {"title": "Star Wars X-Wing vs TIE Fighter - Balance of Power Campaigns", "urlIG": "https://www.instant-gaming.com/fr/10202-acheter-star-wars-x-wing-vs-tie-fighter-balance-of-power-campaigns-pc-jeu-steam/", "titleIG": "Star Wars X-Wing vs TIE Fighter - Balance of Power Campaigns", "priceIG": "1.98\u20ac", "pageIG": "65", "discountIG": "-76%", "imgCoverIG": "https://s3.gaming-cdn.com/images/products/10226/380x218/olliolli-world-rad-edition-rad-edition-pc-jeu-steam-cover.jpg"}, {"title": "Age of Survival", "urlIG": "https://www.instant-gaming.com/fr/1019-acheter-age-of-survival-pc-jeu-steam/", "titleIG": "Age of Survival", "priceIG": "15.34\u20ac", "pageIG": "65", "discountIG": "-19%", "imgCoverIG": "https://s3.gaming-cdn.com/images/products/10226/380x218/olliolli-world-rad-edition-rad-edition-pc-jeu-steam-cover.jpg"}, {"title": "Circle Empires Tactics", "urlIG": "https://www.instant-gaming.com/fr/10170-acheter-circle-empires-tactics-pc-jeu-steam/", "titleIG": "Circle Empires Tactics", "priceIG": "10.17\u20ac", "pageIG": "65", "discountIG": "-19%", "imgCoverIG": "https://s3.gaming-cdn.com/images/products/10226/380x218/olliolli-world-rad-edition-rad-edition-pc-jeu-steam-cover.jpg"}, {"title": "Mr. Shifty", "urlIG": "https://www.instant-gaming.com/fr/10166-acheter-mr-shifty-pc-mac-jeu-steam/", "titleIG": "Mr. Shifty", "priceIG": "2.03\u20ac", "pageIG": "65", "discountIG": "-86%", "imgCoverIG": "https://s3.gaming-cdn.com/images/products/10226/380x218/olliolli-world-rad-edition-rad-edition-pc-jeu-steam-cover.jpg"}, {"title": "Trash Sailors", "urlIG": "https://www.instant-gaming.com/fr/10144-acheter-trash-sailors-pc-jeu-steam/", "titleIG": "Trash Sailors", "priceIG": "10.99\u20ac", "pageIG": "65", "discountIG": "-35%", "imgCoverIG": "https://s3.gaming-cdn.com/images/products/10226/380x218/olliolli-world-rad-edition-rad-edition-pc-jeu-steam-cover.jpg"}, {"title": "SCARF", "urlIG": "https://www.instant-gaming.com/fr/10137-acheter-scarf-pc-jeu-steam/", "titleIG": "SCARF", "priceIG": "11.45\u20ac", "pageIG": "65", "discountIG": "-24%", "imgCoverIG": "https://s3.gaming-cdn.com/images/products/10226/380x218/olliolli-world-rad-edition-rad-edition-pc-jeu-steam-cover.jpg"}, {"title": "Harvest Days", "urlIG": "https://www.instant-gaming.com/fr/10127-acheter-harvest-days-pc-jeu-steam/", "titleIG": "Harvest Days", "priceIG": "21.72\u20ac", "pageIG": "65", "discountIG": "-28%", "imgCoverIG": "https://s3.gaming-cdn.com/images/products/10226/380x218/olliolli-world-rad-edition-rad-edition-pc-jeu-steam-cover.jpg"}, {"title": "Street Outlaws 2: Winner Takes All", "urlIG": "https://www.instant-gaming.com/fr/10126-acheter-street-outlaws-2-winner-takes-all-pc-jeu-steam/", "titleIG": "Street Outlaws 2: Winner Takes All", "priceIG": "27.15\u20ac", "pageIG": "65", "discountIG": "-46%", "imgCoverIG": "https://s3.gaming-cdn.com/images/products/10226/380x218/olliolli-world-rad-edition-rad-edition-pc-jeu-steam-cover.jpg"}, {"title": "Blue Reflection: Second Light - Digital Deluxe Edition", "urlIG": "https://www.instant-gaming.com/fr/10123-acheter-blue-reflection-second-light-digital-deluxe-edition-digital-deluxe-pc-jeu-steam/", "titleIG": "Blue Reflection: Second Light - Digital Deluxe Edition", "priceIG": "52.49\u20ac", "pageIG": "65", "discountIG": "-30%", "imgCoverIG": "https://s3.gaming-cdn.com/images/products/10226/380x218/olliolli-world-rad-edition-rad-edition-pc-jeu-steam-cover.jpg"}, {"title": "Winter War", "urlIG": "https://www.instant-gaming.com/fr/10113-acheter-winter-war-pc-mac-jeu-steam/", "titleIG": "Winter War", "priceIG": "6.59\u20ac", "pageIG": "65", "discountIG": "-63%", "imgCoverIG": "https://s3.gaming-cdn.com/images/products/10226/380x218/olliolli-world-rad-edition-rad-edition-pc-jeu-steam-cover.jpg"}, {"title": "Tanuki Justice", "urlIG": "https://www.instant-gaming.com/fr/10102-acheter-tanuki-justice-pc-jeu-steam/", "titleIG": "Tanuki Justice", "priceIG": "4.31\u20ac", "pageIG": "65", "discountIG": "-65%", "imgCoverIG": "https://s3.gaming-cdn.com/images/products/10226/380x218/olliolli-world-rad-edition-rad-edition-pc-jeu-steam-cover.jpg"}, {"title": "Evertried", "urlIG": "https://www.instant-gaming.com/fr/10096-acheter-evertried-pc-mac-jeu-steam/", "titleIG": "Evertried", "priceIG": "11.64\u20ac", "pageIG": "65", "discountIG": "-31%", "imgCoverIG": "https://s3.gaming-cdn.com/images/products/10226/380x218/olliolli-world-rad-edition-rad-edition-pc-jeu-steam-cover.jpg"}, {"title": "Robin Hood: Spring of Life", "urlIG": "https://www.instant-gaming.com/fr/10091-acheter-robin-hood-spring-of-life-pc-jeu-steam/", "titleIG": "Robin Hood: Spring of Life", "priceIG": "4.99\u20ac", "pageIG": "65", "discountIG": "-12%", "imgCoverIG": "https://s3.gaming-cdn.com/images/products/10226/380x218/olliolli-world-rad-edition-rad-edition-pc-jeu-steam-cover.jpg"}, {"title": "Kolumno", "urlIG": "https://www.instant-gaming.com/fr/10073-acheter-kolumno-pc-mac-jeu-steam/", "titleIG": "Kolumno", "priceIG": "1.00\u20ac", "pageIG": "65", "discountIG": "-50%", "imgCoverIG": "https://s3.gaming-cdn.com/images/products/10226/380x218/olliolli-world-rad-edition-rad-edition-pc-jeu-steam-cover.jpg"}, {"title": "Unreal Life", "urlIG": "https://www.instant-gaming.com/fr/10070-acheter-unreal-life-pc-mac-jeu-steam/", "titleIG": "Unreal Life", "priceIG": "10.22\u20ac", "pageIG": "65", "discountIG": "-39%", "imgCoverIG": "https://s3.gaming-cdn.com/images/products/10226/380x218/olliolli-world-rad-edition-rad-edition-pc-jeu-steam-cover.jpg"}, {"title": "Gun Club VR", "urlIG": "https://www.instant-gaming.com/fr/10066-acheter-gun-club-vr-pc-jeu-steam/", "titleIG": "Gun Club VR", "priceIG": "9.79\u20ac", "pageIG": "65", "discountIG": "-51%", "imgCoverIG": "https://s3.gaming-cdn.com/images/products/10226/380x218/olliolli-world-rad-edition-rad-edition-pc-jeu-steam-cover.jpg"}, {"title": "Black The Fall Collector's Edition", "urlIG": "https://www.instant-gaming.com/fr/10062-acheter-black-the-fall-collector-s-edition-collector-s-edition-pc-jeu-steam/", "titleIG": "Black The Fall Collector's Edition", "priceIG": "4.67\u20ac", "pageIG": "65", "discountIG": "-74%", "imgCoverIG": "https://s3.gaming-cdn.com/images/products/10226/380x218/olliolli-world-rad-edition-rad-edition-pc-jeu-steam-cover.jpg"}, {"title": "Beasts of Maravilla Island", "urlIG": "https://www.instant-gaming.com/fr/10057-acheter-beasts-of-maravilla-island-pc-mac-jeu-steam/", "titleIG": "Beasts of Maravilla Island", "priceIG": "5.07\u20ac", "pageIG": "65", "discountIG": "-38%", "imgCoverIG": "https://s3.gaming-cdn.com/images/products/10226/380x218/olliolli-world-rad-edition-rad-edition-pc-jeu-steam-cover.jpg"}, {"title": "Prince of Qin", "urlIG": "https://www.instant-gaming.com/fr/10042-acheter-prince-of-qin-pc-jeu-steam/", "titleIG": "Prince of Qin", "priceIG": "5.99\u20ac", "pageIG": "65", "discountIG": "-27%", "imgCoverIG": "https://s3.gaming-cdn.com/images/products/10226/380x218/olliolli-world-rad-edition-rad-edition-pc-jeu-steam-cover.jpg"}, {"title": "Astrologaster", "urlIG": "https://www.instant-gaming.com/fr/10039-acheter-astrologaster-pc-mac-jeu-steam/", "titleIG": "Astrologaster", "priceIG": "4.95\u20ac", "pageIG": "65", "discountIG": "-50%", "imgCoverIG": "https://s3.gaming-cdn.com/images/products/10226/380x218/olliolli-world-rad-edition-rad-edition-pc-jeu-steam-cover.jpg"}, {"title": "As Far As The Eye Supporter Bundle", "urlIG": "https://www.instant-gaming.com/fr/10038-acheter-as-far-as-the-eye-supporter-bundle-supporter-bundle-pc-mac-jeu-steam/", "titleIG": "As Far As The Eye Supporter Bundle", "priceIG": "14.37\u20ac", "pageIG": "65", "discountIG": "-44%", "imgCoverIG": "https://s3.gaming-cdn.com/images/products/10226/380x218/olliolli-world-rad-edition-rad-edition-pc-jeu-steam-cover.jpg"}, {"title": "Along the Edge", "urlIG": "https://www.instant-gaming.com/fr/10037-acheter-along-the-edge-pc-mac-jeu-steam/", "titleIG": "Along the Edge", "priceIG": "5.07\u20ac", "pageIG": "65", "discountIG": "-59%", "imgCoverIG": "https://s3.gaming-cdn.com/images/products/10226/380x218/olliolli-world-rad-edition-rad-edition-pc-jeu-steam-cover.jpg"}, {"title": "A Planet of Mine", "urlIG": "https://www.instant-gaming.com/fr/10028-acheter-a-planet-of-mine-pc-jeu-steam/", "titleIG": "A Planet of Mine", "priceIG": "3.05\u20ac", "pageIG": "65", "discountIG": "-59%", "imgCoverIG": "https://s3.gaming-cdn.com/images/products/10226/380x218/olliolli-world-rad-edition-rad-edition-pc-jeu-steam-cover.jpg"}, {"title": "8Doors: Arum's Afterlife Adventure", "urlIG": "https://www.instant-gaming.com/fr/10021-acheter-8doors-arums-afterlife-adventure-pc-jeu-steam/", "titleIG": "8Doors: Arum's Afterlife Adventure", "priceIG": "6.32\u20ac", "pageIG": "65", "discountIG": "-62%", "imgCoverIG": "https://s3.gaming-cdn.com/images/products/10226/380x218/olliolli-world-rad-edition-rad-edition-pc-jeu-steam-cover.jpg"}, {"title": "Undungeon", "urlIG": "https://www.instant-gaming.com/fr/10010-acheter-undungeon-pc-jeu-steam/", "titleIG": "Undungeon", "priceIG": "12.17\u20ac", "pageIG": "65", "discountIG": "-28%", "imgCoverIG": "https://s3.gaming-cdn.com/images/products/10226/380x218/olliolli-world-rad-edition-rad-edition-pc-jeu-steam-cover.jpg"}, {"title": "Velocity 2X", "urlIG": "https://www.instant-gaming.com/fr/1001-acheter-velocity-2x-pc-jeu-steam/", "titleIG": "Velocity 2X", "priceIG": "5.11\u20ac", "pageIG": "65", "discountIG": "-74%", "imgCoverIG": "https://s3.gaming-cdn.com/images/products/10226/380x218/olliolli-world-rad-edition-rad-edition-pc-jeu-steam-cover.jpg"}, {"title": "Shift Quantum - A Cyber Noir Puzzle Platformer", "urlIG": "https://www.instant-gaming.com/fr/10003-acheter-shift-quantum-a-cyber-noir-puzzle-platformer-pc-jeu-steam/", "titleIG": "Shift Quantum - A Cyber Noir Puzzle Platformer", "priceIG": "4.53\u20ac", "pageIG": "65", "discountIG": "-77%", "imgCoverIG": "https://s3.gaming-cdn.com/images/products/10226/380x218/olliolli-world-rad-edition-rad-edition-pc-jeu-steam-cover.jpg"}, {"title": "Algo Bot", "urlIG": "https://www.instant-gaming.com/fr/10001-acheter-algo-bot-pc-mac-jeu-steam/", "titleIG": "Algo Bot", "priceIG": "2.06\u20ac", "pageIG": "65", "discountIG": "-79%", "imgCoverIG": "https://s3.gaming-cdn.com/images/products/10226/380x218/olliolli-world-rad-edition-rad-edition-pc-jeu-steam-cover.jpg"}]