[{"title": "7 Days to Die"}, {"title": "A Memoir Blue"}, {"title": "A Plague Tale Innocence"}, {"title": "AI THE SOMNIUM FILES"}, {"title": "ANVIL  Vault Breaker"}, {"title": "ARK Ultimate Survivor Edition"}, {"title": "ASTRONEER"}, {"title": "Aliens Fireteam Elite"}, {"title": "Among Us"}, {"title": "Aragami 2"}, {"title": "Archvale"}, {"title": "Astria Ascending"}, {"title": "Atomicrops"}, {"title": "BLiNX The Time Sweeper"}, {"title": "Back 4 Blood"}, {"title": "Backbone"}, {"title": "Banjo Kazooie N n B"}, {"title": "Banjo-Kazooie"}, {"title": "Banjo-Tooie"}, {"title": "Bassmaster Fishing 2022"}, {"title": "Batman Arkham Knight"}, {"title": "Battlefield 4"}, {"title": "Battlefield 1 Revolution"}, {"title": "Battlefield V"}, {"title": "Battletoads"}, {"title": "Before We Leave"}, {"title": "Ben 10  La chasse aux pouvoirs"}, {"title": "Besiege Console"}, {"title": "Black Desert"}, {"title": "Bleeding Edge"}, {"title": "Bloodroots"}, {"title": "Boyfriend Dungeon"}, {"title": "Breathedge"}, {"title": "Bridge Constructor Portal"}, {"title": "Broken Age"}, {"title": "Bug Fables The Everlasting Sapling"}, {"title": "Carrion"}, {"title": "Children of Morta"}, {"title": "Chinatown Detective Agency"}, {"title": "Cities Skylines - Xbox One Edition"}, {"title": "ClusterTruck"}, {"title": "Conan Exiles"}, {"title": "Contrast"}, {"title": "Course avec Ryan"}, {"title": "Crackdown 3"}, {"title": "Craftopia"}, {"title": "Cricket 19"}, {"title": "Cricket 22"}, {"title": "Crimson Skies High Road to Revenge"}, {"title": "Cris Tales"}, {"title": "CrossfireX Operation Catalyseur"}, {"title": "Crown Trick"}, {"title": "Crusader Kings III"}, {"title": "Curse of the Dead Gods"}, {"title": "DEEEER Simulator Votre jeu de cerf de tous les jours"}, {"title": "DIRT 5"}, {"title": "DOOM"}, {"title": "DOOM 3"}, {"title": "DOOM 64"}, {"title": "DOOM Eternal Standard Edition"}, {"title": "DOOM II"}, {"title": "DRAGON BALL FIGHTERZ"}, {"title": "DRAGON QUEST BUILDERS 2"}, {"title": "DRAGON QUEST XI S  Les Combattants de la destinee - Edition ultime"}, {"title": "Dandy Ace"}, {"title": "Danganronpa Trigger Happy Havoc Anniversary Edition"}, {"title": "Dark Alliance"}, {"title": "Darkest Dungeon"}, {"title": "DayZ"}, {"title": "Dead Cells"}, {"title": "Dead Space"}, {"title": "Dead by Daylight"}, {"title": "Death's Door [Xbox]"}, {"title": "Deep Rock Galactic"}, {"title": "Descenders"}, {"title": "Destroy All Humans!"}, {"title": "Dicey Dungeons"}, {"title": "Dishonored 2"}, {"title": "Dishonored  La mort de l'Outsider"}, {"title": "Dishonored Definitive Edition"}, {"title": "Disneyland Adventures"}, {"title": "Dodgeball Academia"}, {"title": "Donut County"}, {"title": "Double Dragon Neon"}, {"title": "Dragon Age Origins"}, {"title": "Dragon Age 2"}, {"title": "Dragon Age  Inquisition"}, {"title": "Dreamscaper"}, {"title": "Echo Generation"}, {"title": "Edge of Eternity"}, {"title": "Elite Dangerous Standard Edition"}, {"title": "Embr"}, {"title": "Empire of Sin"}, {"title": "Enter The Gungeon"}, {"title": "Evil Genius 2 World Domination"}, {"title": "Exo One"}, {"title": "F1 2021"}, {"title": "FAR Changing Tides"}, {"title": "FOR HONOR Standard Edition"}, {"title": "Fable Anniversary"}, {"title": "Fable II"}, {"title": "Fable III"}, {"title": "Fae Tactics"}, {"title": "Fallout 3"}, {"title": "Fallout 4"}, {"title": "Fallout 76"}, {"title": "Fallout New Vegas"}, {"title": "Farming Simulator 19"}, {"title": "Firewatch"}, {"title": "Flynn Son of Crimson"}, {"title": "Football Manager 2022 Xbox Edition"}, {"title": "Forager"}, {"title": "Forza Horizon 4 Edition standard"}, {"title": "Forza Horizon 5 Edition standard"}, {"title": "Frostpunk Console Edition"}, {"title": "Fuzion Frenzy"}, {"title": "Gang Beasts"}, {"title": "Gears 5 edition Jeu de l'annee"}, {"title": "Gears Tactics"}, {"title": "Gears of War 2"}, {"title": "Gears of War 3"}, {"title": "Gears of War 4"}, {"title": "Gears of War Judgment"}, {"title": "Gears of War Ultimate Edition"}, {"title": "Generation Zero"}, {"title": "Genesis Noir"}, {"title": "Goat Simulator"}, {"title": "Going Under"}, {"title": "Golf With Your Friends"}, {"title": "Gorogoa"}, {"title": "Grand Theft Auto San Andreas - The Definitive Edition"}, {"title": "GreedFall"}, {"title": "Grounded - Apercu"}, {"title": "HITMAN Trilogy"}, {"title": "Hades"}, {"title": "Halo 5 Guardians"}, {"title": "Halo  La collection le Major"}, {"title": "Halo Infinite"}, {"title": "Halo Wars 2 Standard Edition"}, {"title": "Halo Spartan Assault"}, {"title": "Hellblade Senua's Sacrifice"}, {"title": "Hollow Knight Edition Coeur-du-Vide"}, {"title": "Human Fall Flat"}, {"title": "I Am Fish"}, {"title": "Immortal Realms Vampire Wars"}, {"title": "Infernax"}, {"title": "Injustice 2"}, {"title": "Into the Pit"}, {"title": "It Takes Two - Version numerique"}, {"title": "Jetpac Refuelled"}, {"title": "Joy Ride Turbo"}, {"title": "Jurassic World Evolution"}, {"title": "Just Cause 4 Reloaded"}, {"title": "Kameo"}, {"title": "Katamari Damacy REROLL"}, {"title": "Kentucky Route Zero TV Edition"}, {"title": "Kill It With Fire"}, {"title": "Killer Instinct  Definitive Edition"}, {"title": "Kraken Academy!!"}, {"title": "LIMBO"}, {"title": "LUMINES REMASTERED"}, {"title": "La Terre du Milieu  L'Ombre de la Guerre"}, {"title": "Lake"}, {"title": "Last Stop"}, {"title": "Lawn Mowing Simulator"}, {"title": "Le Donjon de Naheulbeuk  L'Amulette du Desordre - Chicken Edition"}, {"title": "Lemnis Gate"}, {"title": "Les Chroniques de la guerre de Lodoss  Deedlit au Labyrinthe des merveilles"}, {"title": "Les Sims 4"}, {"title": "Lethal League Blaze"}, {"title": "Library Of Ruina"}, {"title": "Life is Strange True Colors"}, {"title": "Lonely Mountains Downhill"}, {"title": "Lost Words Beyond the Page"}, {"title": "Lost in Random"}, {"title": "MLB The Show 22 Xbox Series X | S"}, {"title": "Maneater"}, {"title": "Marvel's Avengers"}, {"title": "Marvel's Guardians of the Galaxy"}, {"title": "Mass Effect Edition Legendaire"}, {"title": "Mass Effect Andromeda"}, {"title": "MechWarrior 5 Mercenaries"}, {"title": "Microsoft Flight Simulator Standard Game of the Year Edition"}, {"title": "Mighty Goose"}, {"title": "Mind Scanners"}, {"title": "Minecraft Dungeons"}, {"title": "Mirror's Edge Catalyst"}, {"title": "Monster Sanctuary"}, {"title": "Monster Train"}, {"title": "Moonglow Bay"}, {"title": "Moonlighter"}, {"title": "Mortal Kombat 11"}, {"title": "Mortal Shell Enhanced Edition"}, {"title": "MotoGP20"}, {"title": "My Friend Pedro"}, {"title": "My Time at Portia"}, {"title": "Myst"}, {"title": "Need for Speed Heat"}, {"title": "Need for Speed Hot Pursuit Remastered"}, {"title": "Neon Abyss"}, {"title": "Neoverse"}, {"title": "New Super Lucky's Tale"}, {"title": "Next Space Rebels"}, {"title": "No Man's Sky"}, {"title": "Nobody Saves the World"}, {"title": "Nongunz Doppelganger Edition"}, {"title": "Nuclear Throne"}, {"title": "OCTOPATH TRAVELER"}, {"title": "ONE PIECE PIRATE WARRIORS 4"}, {"title": "OUTRIDERS"}, {"title": "Oblivion"}, {"title": "Olija"}, {"title": "Omno"}, {"title": "One Step From Eden"}, {"title": "Ori and the Blind Forest Definitive Edition"}, {"title": "Ori and the Will of the Wisps"}, {"title": "Outer Wilds"}, {"title": "Outlast 2"}, {"title": "Overcooked! 2"}, {"title": "Paradise Killer"}, {"title": "Pat' Patrouille  La Super Patrouille sauve la Grande Vallee"}, {"title": "Peggle 2"}, {"title": "Perfect Dark"}, {"title": "Perfect Dark Zero"}, {"title": "Phoenix Point"}, {"title": "Pikuniku"}, {"title": "Pillars of Eternity II Deadfire - Ultimate Edition"}, {"title": "Pillars of Eternity Complete Edition"}, {"title": "Plants vs. Zombies Garden Warfare"}, {"title": "Plants vs. Zombies Garden Warfare 2"}, {"title": "Plants vs. Zombies La Bataille de Neighborville"}, {"title": "Power Rangers Battle for the Grid"}, {"title": "Prey"}, {"title": "Project Wingman"}, {"title": "Psychonauts"}, {"title": "Psychonauts 2"}, {"title": "Pupperazzi"}, {"title": "Quake"}, {"title": "RAGE"}, {"title": "RAGE 2"}, {"title": "RESEARCH and DESTROY"}, {"title": "RESIDENT EVIL 7 biohazard"}, {"title": "Raji An Ancient Epis"}, {"title": "ReCore"}, {"title": "Recompile"}, {"title": "Remnant From the Ashes"}, {"title": "Ring of Pain"}, {"title": "Rubber Bandits"}, {"title": "Rush A DisneyPixar Adventure"}, {"title": "SCARLET NEXUS"}, {"title": "STAR WARS Jedi Fallen Order"}, {"title": "STAR WARS Battlefront II"}, {"title": "STAR WARS Squadrons"}, {"title": "STEEP"}, {"title": "SUPERHOT MIND CONTROL DELETE"}, {"title": "Sable"}, {"title": "Sea of Thieves"}, {"title": "Second Extinction"}, {"title": "Secret Neighbor"}, {"title": "Serious Sam 4"}, {"title": "Shredders"}, {"title": "Signs of the Sojourner"}, {"title": "Skate 3"}, {"title": "SkateBIRD"}, {"title": "Skul The Hero Slayer"}, {"title": "Slay The Spire"}, {"title": "Slime Rancher"}, {"title": "Sniper Elite 4"}, {"title": "SnowRunner"}, {"title": "Space Warlord Organ Trading Simulator"}, {"title": "Spelunky 2"}, {"title": "Spiritfarer  edition Farewell"}, {"title": "Stardew Valley"}, {"title": "State of Decay 2 Juggernaut Edition"}, {"title": "Stellaris Console Edition"}, {"title": "Streets of Rage 4"}, {"title": "Subnautica"}, {"title": "Subnautica Below Zero"}, {"title": "Super Mega Baseball 3"}, {"title": "Superliminal"}, {"title": "Supraland"}, {"title": "Surgeon Simulator 2"}, {"title": "TRANSFORMERS  BATTLEGROUNDS"}, {"title": "TUNIC"}, {"title": "Tainted Grail Conquest"}, {"title": "Tell Me Why Chapitre 1-3"}, {"title": "Telling Lies"}, {"title": "Terraria"}, {"title": "The Anacrusis"}, {"title": "The Artful Escape"}, {"title": "The Ascent"}, {"title": "The Bard's Tale ARPG  Remastered and Resnarkled"}, {"title": "The Bard's Tale IV Director's Cut"}, {"title": "The Bard's Tale Trilogy"}, {"title": "The Catch Carp & Coarse Fishing"}, {"title": "The Elder Scrolls III Morrowind"}, {"title": "The Elder Scrolls V Skyrim Special Edition"}, {"title": "The Evil Within"}, {"title": "The Evil Within 2"}, {"title": "The Forgotten City"}, {"title": "The Good Life"}, {"title": "The Gunk"}, {"title": "The Last Kids on Earth et le Sceptre Maudit !"}, {"title": "The Long Dark"}, {"title": "The Outer Worlds"}, {"title": "The Pedestrian"}, {"title": "The Procession to Calvary"}, {"title": "The Riftbreaker"}, {"title": "The Walking Dead A New Frontier - The Complete Season"}, {"title": "The Walking Dead Michonne - The Complete Season"}, {"title": "The Walking Dead Season Two"}, {"title": "The Walking Dead The Complete First Season"}, {"title": "The Wild at Heart"}, {"title": "Tom Clancy's Rainbow Six Siege Deluxe Edition"}, {"title": "Tom Clancy's Rainbow Six Extraction"}, {"title": "Totally Accurate Battle Simulator"}, {"title": "Totally Reliable Delivery Service"}, {"title": "Townscaper"}, {"title": "Trailmakers"}, {"title": "Train Sim World 2"}, {"title": "Tropico 6"}, {"title": "Turnip Boy Commits Tax Evasion"}, {"title": "Twelve Minutes"}, {"title": "Two Point Hospital"}, {"title": "UNSIGHTED"}, {"title": "Undertale"}, {"title": "Undungeon"}, {"title": "Unpacking"}, {"title": "Unravel Two"}, {"title": "Visage"}, {"title": "Viva Pinata"}, {"title": "Viva Pinata TIP"}, {"title": "Warhammer 40,000 Battlesector"}, {"title": "Wasteland 2 Director's Cut"}, {"title": "Wasteland 3"}, {"title": "Wasteland Remastered"}, {"title": "We Happy Few"}, {"title": "Weird West"}, {"title": "What Remains of Edith Finch"}, {"title": "Windjammers 2"}, {"title": "Wolfenstein The New Order"}, {"title": "Wolfenstein The Old Blood"}, {"title": "Wolfenstein Youngblood"}, {"title": "Wolfenstein II The New Colossus"}, {"title": "World War Z"}, {"title": "Worms Rumble"}, {"title": "Worms W.M.D"}, {"title": "Wreckfest"}, {"title": "Yakuza 3 Remastered"}, {"title": "Yakuza 4 Remastered"}, {"title": "Yakuza 5 Remastered"}, {"title": "Yakuza 6 The Song of Life"}, {"title": "Yakuza Like a Dragon"}, {"title": "Yes, Your Grace"}, {"title": "Young Souls"}, {"title": "Zero Escape The Nonary Games"}, {"title": "Zombie Army 4 Dead War"}, {"title": "art of rally"}, {"title": "theHunter Call of the Wild"}, {"title": "Edition finale de Halo Wars"}]